CENSUS_NO,SCHOOL_NAME
00005,ST. JOHN'S M.V.
00006,ST.LUCIA'S COLLEGE
00032,WOLFENDHAL B.M.V.
00045,ROYAL COLLEGE
00058,PRESBYTERIAN GIRL'S SCHOOL
00060,D.S.SENANAYAKE COLLEGE
00077,ISIPATHANA COLLEGE
00082,ST.ANTHONY'S B.M.V.
00083,ST.CLARE'S B.M.V.
00201,AL HIDHAYA VIDYALAYA
00202,AL IQBAL B.V. (MARYAM B.V.)
00203,AL NASSER VIDYALAYA
00204,HAMEED AL HUSSEINIE COLLEGE
00205,DHARUSSALAAM M.V.
00206,T.B.JAYAH ZAHIRA VIDYALAYA
00207,FATHIMA MUS.B.V.
00208,KHAIRIYA MUS.B.V.
00209,ST.SEBASTIAN T.M.V.
00210,VIVEKANANDA NATIONAL SCHOOL
00211,AL HIKMA VIDYALAYA
00212,MARADANA HINDU V. (THONDAR GOV. T.V.)
00213,ST. ANNE'S B.M.V.
00214,ST.ANTHONY'S BOYS M.V.
00215,KANAPATHY HINDU LADIES M.V.
00216,HOLY ROSARY T.V.
00218,COLOMBO CENTRAL HINDU M.V.
00219,DR. BADIUDDIN MAHMUD COLLEGE
00220,SIR RAZIK FAREED MUS.V.
00221,HAMZA MUS.V.
00222,KALAIMAGAL T.V.
00223,MAHAWATTA ST.ANTHONY'S T.M.V.
00224,GOOD SHEPHERD G.T.V.
00225,HINDU COLLEGE -COLOMBO 15
00226,KOTAHENA METHODIST T.V.
00229,AL-HAKEEM VIDYALAYA
00230,VIPULANANTHA T.M.V.
00231,AL HIJRA MUS.V.
00232,DR. THANINAYAGAM T.V.
00234,KUMARAUTHAYAM T.V.
00235,RAMAKRISHNA VIDYALAYA
00236,MUSLIM LADIES COLLEGE
00237,HINDU COLLEGE
00238,AL AMEEN VIDYALAYA
00239,ST.MARY'S T.V.
00240,KOLLUPITIYA METHODIST G.T.V.
00241,RAMANATHAN HINDU LADIES COLLEGE
00242,NUGEGODA TAMIL M.V.
00243,MEELAD MUSLIM VIDYALAYA
00244,DEHIWALA TAMIL M.V.
00245,SRI JAYAWARDHANAPURA HINDU VIDYALAYA
00246,RAJAGIRIYA ROMAN CATHOLIC TAMIL VIDYALAYA
00247,ARAFATH MUSLIM M.V.
00285,ST. MARY'S COLLEGE
00313,SALAWAWATHTHA TAMIL VIDYALAYA
00314,SIRINIWASA TAMIL K.V.
00315,WAGAWATHTHA TAMIL K.V.
00337,GALAGEDARA MUSLIM VIDYALAYA
00347,PADUKKA TAMIL VIDYALAYA
00451,RATMALANA HINDU COLLEGE
00461,PUWAKPITIYA PRIMARY TAMIL VIDYALAYA
01325,AL-ASHRAFF M.V.
01326,ROMAN CATHOLIC TAMIL VIDYALAYA
01327,KALELIYA ALIGARH M.V.
01328,BABUSSALAM M.V.
01329,AL-HASSEN K.V.
01331,ALBADRIYA M.V.
01332,ARAFA M.V.
01333,MUSLIM B.M.V.
01334,KUMARIMULLA MUSLIM M.V.
01335,AL MUSTHAFA M.V.
01337,ZAHIRA M.V.
01338,WELEGODA MUSLIM K.V.
01339,ELLALAMULLA ZAHIRA M.V.
01575,AL-HILAL CENTRAL COLLEGE
01576,WIJERATNAM HINDU CENTRAL COLLEGE
01578,AL-FALAH M.V.
01583,THOPPU R.C.T.M.V.
01584,WELIHENA R.C.T.V.
01585,AL-AMAN MUSLIM M.V.
01587,ORCHARD WATTA M.V.
01599,AL.MAHAMOOD M.V.
01600,AL MUBARAK P.V.
01601,DHARUSSALAM P.V.
02189,ST.MARY'S M.V.  (TAMIL MEDIUM)                                 
02405,ALUTHGAM WEEDIYA MUSLIM BALIKA M.V.
02406,AL HUMAISARA CENTRAL COLLEGE
02408,NALEEM HAJIAR LADIES COLLEGE
02409,AL FASIYATHUL NASRIYA MUSILM BALIKA M.V.
02410,AL HASANIYA M. V.
02411,ZAM REFAI HAJIAR MAHA VIDYALAYA
02412,KALUTARA MUSLIM M.M.V.
02413,KALUTARA MUSLIM BALIKA M.V.
02414,I L M SAMSUDEEN VIDYALAYA
02415,VEYANGALLA MU.M.V.
02417,MILLAKANDE T M V
02418,AL HAMBRA MAHA VIDYALAYA
02419,MILLEWA T.P.V.
02420,EDURANGALA T.K.V.
02421,HORANA T M.V.
02422,PERTH T.P.V.
02423,RAIGAM SARASWATHI T.K.V.
02424,FROCESTER T P V
02425,GIKIYANAKANDA T.K.V.
02426,KOBOWELA T.P.V.
02428,KUDAGANGA T.K.V.
02429,S.T.FRANCIS T.P.V.
02430,VIBULANANDA TAMIL VIDYALAYA
02431,AL FAHRIYA CENTRAL COLLEGE
02432,JEELAN CENTRAL COLLEGE
02433,ILMA MUSLIM VIDYALAYA
02434,ALAVIYA MUSLIM MAHA VIDYALAYA
02435,HORETHUDUWA MUSLIM VIDYALAYA
02437,NEUCHATAL T.K.V.
02438,DIKHENA TAMIL K.V
02440,RAHMANIYA M.V.                                    
02441,CULLODEN NAVODYA TAMIL MAHA VIDYALAYA
02442,SIRIKANDURA T.V.                                  
02443,AMBETENNA T.V.                                    
02444,ANNASIGALA T.V.                                   
02445,BHARADI TAMIL MAHA VIDYALAYA
02446,ELADUWA TAMIL VIDYALAYA
02447,GODAHENA TAMIL VIDYALAYAM
02448,MADDEGEDARA T.V.                                  
02449,MALABODA TAMIL V
02450,PALLEGODA T.V.                                    
02452,KALEIMAGAL T.V.                                   
02453,VOGAN T.V.                                        
02454,PELENDA T.V.                                      
02455,VIVEKANANDA T.V.                                  
02456,PELENDA MUS.V.                                    
02457,GALEWATTA T.V.                                    
02458,PIMBURA T.V.                                      
02459,DELKEITH T.V.                                     
02460,MIRISWATTA T.P.V.                                   
02462,SRI RAMAKRISHANA T.V.                             
02463,PAYAGALA HINDU COLLEGE
02464,MIRISHENA T.P.V.
02465,HALWATHURA T.M.V.
02475,ZAHIRA PRIMARY SCHOOL
02477,ALGAZZALY P.V.
02481,CHINAFORT PRIMARY SCHOOL
02482,AL FASIYATHUL NASRIYA MUSILM BOY'V.
03244,TELDENIYA MU.K.V
03245,UDISPATHTHUWA MUSLIM VIDYALAYA
03246,KALAIMAGAL TAMIL VIDYALAYA
03247,MABERIYATHENNA TAMIL MAHA VIDYALAYA
03248,NAMAGAL TAMIL VIDAYALAYA
03249,KUMARAN TAMIL PRIMARY SCHOOL
03251,SIVASAKTHI TAMIL PRIMARY SCHOOL
03252,NAWALAR TAMIL VIDYALAYA
03253,VIBULANANDA  TAMIL VIDAYALAYA
03254,MALEIMAGAL TAMIL PRIMARY SCHOOL
03255,NAWANAGALA TAMIL VIDYALAYA
03256,RAJAWELLA H.N.S
03257,AL HIKMA M.V
03257,AL-HIKMA MU.V
03258,VIGNESHWARA T.V
03258,VIGNESHWARA T.V
03259,VIVEKANANDA T.V
03259,VIVEKANANDA T.V
03260,KENGALLA T.V
03260,KENGALLA T.V
03261,VAANI T.V
03261,VAANI T.V
03262,AMBAL T.V
03264,JAMIUL AZHAR MU.V.
03265,BARATHI T.V
03266,HULUGANGA MU.K.V
03268,ABIRAMI T.M.V
03269,ALSAFA MU M.V
03270,AL AQUSHA MU .V
03271,WARAKALANDA MU.V
03272,VIPULANANDA T.V
03273,SIWANESHWARA T.V
03274,MAUSSAWA T.V
03275,KURUNGI T.V
03276,PARAMESHWARA T.V
03277,HATHALE T.V
03278,ALAKOLLA T.V
03279,KNUCKELS T.V
03280,SIVANESHWARA TAMIL MAHA VIDYALAYA
03281,HAGALA T.V
03282,GOMARE T.V
03287,KURUNDUGOLLA C.C
03288,MEERA C.C
03289,LUKMANIYA M.V
03290,RAMBUKE - ELA M.M.V
03291,MAWATHUPOLA MUSLIM M.V
03292,ENDARUTENNA MU.V
03293,INIGALA MU.M.V
03294,PALKUMBURA MU.V
03295,KURUNDUGAHA ELA MUSLIM V
03296,MALWANAHINNA MUSILM V
03297,THELUMBUGAHAWATTA MUSLIM V
03298,AKURANA MUSLIM BALIKA M.V
03299,AZHAR MODEL PRIMARY SCHOOL
03300,KURUGODA BOYS MUSLIM V
03301,KASAWATTA MUSLIM V
03302,NEERALLA MUSLIM V
03303,WALAHENA MUSLIM V
03304,PANAGAMUWA MUSLIM V
03305,HALGOLLA MUSLIM K.V
03306,BEERI ELA MUSLIM K.V
03307,JAMALIYA MUSLIM M.V
03308,GALHINNA MUSLIM K.V
03309,JABBAR C.C
03310,DEHIDENIYA MUSLIM M.V
03311,DHARUL ULOOM MUSLIM V
03312,MALGAMANDENIYA MUSLIM V
03352,ST. ANTHANY'S COLLEGE
03353,ST. ANTHONY'S GIRLS COLLEGE
03379,GIRL'S HIGH SCHOOL
03384,ST SYLVESTERS COLLEGE
03401,VIHARAMAHADEVI GIRLS COLLEGE -KANDY
03478,GONADHIKA SINHALA/TAMIL VIDYALAYA
03504,ATABAGE ROMAN CATHOLIC VIDYALAYA
03567,MAPAKANDA VIDYALAYA
03573,KANISHTA BALIKA VIDYALAYA
03575,BADI-DU-DIN MAHMUD GIRLS' COLLEGE
03576,SIDDILEBBE MUSLIM VIDYALAYA
03579,ZAHIRA BOYS COLLEGE
03580,TALATUOYA TAMIL MAHA VIDYALAYA
03582,ALHAMARA VIDYALAYA
03584,KALAIMAGAL TAMIL VIDYALAYAM0
03585,VIVEKANANDA TAMIL VIDYALAYAM
03586,HINDU SENIOR SCHOOL - KANDY
03587,ST.MARY'S VIDYALAYA - AMPITIYA
03588,AL HILAL VIDYALAYA -KANDY
03589,PERADENIYA HINDU COLLEGE
03591,DELTOTA MUSLIM CENTRAL COLLEGE
03592,AL AKBAR MUSLIM VIDYALAYA
03593,UDAPITIYA HUSNA MUSLIM MAHA VIDYALAYA
03594,UDUDENIYA MUSLIM MAHA VIDYALAYA
03595,MARASSANA TAMIL VIDYALAYA
03597,SRI SIVASHAKTHI TAMIL VIDYALAYAM
03598,DUNALLY TAMIL VIDYALAYA
03599,UPPER GALAHA T V
03600,AMBALAMANA TAMIL VIDYALAYA
03601,THIRUVALLUVAR VIDYALAYAM
03602,GREATVALLEY TAMIL VIDYALAYAM
03604,LITTLEVALLEY NO.II TAMIL VIDYALAYAM
03605,SRI GAYATHRI TAMIL VIDYALAYAM
03606,BOWLANA TAMIL VIDYALAYA
03607,BOPITIYA TAMIL VIDYALAYA
03608,LOOLCONDERA TAMIL VIDYALAYA
03609,NARANGHENA TAMIL VIDYALAYA
03611,SRI VAANI TAMIL VIDYALAYAM
03612,KIRIMETIYA TAMIL VIDYALAYA
03614,PUSSELLEAWA SARASWATHY CENTRAL COLLEGE
03616,IQRA MUSLIM MAHA VIDYALAYA
03618,KATHIRESAN HINDU LADIES' COLLEGE
03619,BALANTOTA MUSLIM VIDYALAYA
03620,MAHAVILA TAMIL VIDYALAYA
03621,BAHARANDA TAMIL VIDYALAYAM
03622,BOWHIL TAMIL VIDYALAYAM
03623,GALABODA TAMIL V.
03624,TEMPLESTOWE TAMIL V.
03625,MELFORT TAMIL VIDYALAYAM
03626,BARCAPLE TAMIL V.
03627,BARANAGALA TAMIL VIDYALAYAM
03628,GALAMUDUNA TAMIL VIDYALAYAM
03629,WESTHALL TAMIL VIDYALAYAM
03631,KALAIMAHAL TAMIL VIDYALAYAM
03633,CRAIGHEAD NO 02 TAMIL VIDYALAYAM
03634,MONTECRISTO NO 01 TAMIL VIDYALAYAM
03635,MONTECRISTO NO 02 TAMIL VIDYALAYAM
03636,PENRHOS TAMIL VIDYALAYAM
03637,ROTHCHILD TAMIL VIDYALAYAM
03638,VEVEGANANTHAR TAMIL VIDYALAYAM
03639,WIGTON TAMIL VIDYALAYAM
03640,DOLOSBAGE TAMIL VIDYALAYAM
03641,JAMALIYA MUSLIM VIDYALAYA
03642,ILUKWATHTHA MUSLIM VIDYALAYA
03643,KADUGANNAWA C. C. TAMIL VIDYALAYA
03644,DEHIANGA AL AZHAR MUSLIM VIDYALAYA
03645,DEHIGALA AL ILMA MUSLIM VIDYALAYA
03646,YAHALATHENNA MUSLIM VIDYALAYA
03647,KIRIMETIYA TAMIL VIDYALAYA
03649,KURUKUTHTHALA MUSLIM VIDYALAYA
03651,AMBAGASTHENNA MUSLIM VIDYALAYA
03652,WATADENIYA AL AQSHA MUSLIM VIDYALAYA
03653,AS SIRAJ BOYS MUSLIM VIDYALAYA
03654,UDUNUWARA FATHIMA BALIKA MUSLIM VIDYALAYA
03655,ARAFA MUSLIM VIDYALAYA
03656,HENDENIYA MUSLIM VIDYALAYA
03657,AS SHUMS MUSLIM VIDYALAYA
03658,GAMPOLA ZAHIRA NATIONAL SCHOOL
03660,AL-MINA MUSLIM MAHA VIDYALAYA
03661,AL-HIKMA MAHA VIDYALAYA
03662,GAMPOLA MUSLIM MAHA VIDYALAYA
03663,ILLAWATURA RAHMANIYA MUSLIM VIDYALAYA
03664,SANQUHAR TAMIL VIDYALAYA
03665,NEW PEACOCK TAMIL VIDYALAYAM
03666,OLDPEACOCK TAMIL VIDYALAYA
03667,DELTA SOUTH TAMIL VIDYALAYAM
03668,KALAIVANI TAMIL VIDYALAYAM
03670,STELLENBERG TAMIL VIDYALAYAM
03671,BEAUMOUNT TAMIL VIDYALAYAM
03672,AL-AZHAR VIDYALAYA
03674,PUPURESSA TAMIL VIDYALAYA
03675,DELTA NORTH TAMIL VIDYALAYAM
03676,DELTA EAST TAMIL VIDYLAYAM
03677,KALOOGALLA TAMIL VIDYALAYAM
03678,CHOUGHLEIGH TAMIL VIDYALAYA
03679,KIRIWANA TAMIL VIDYALAYAM
03680,WARIYAGALA TAMIL VIDYALAYA
03681,YOGALETCHUMI TAMIL VIDYALAYA
03682,UPLAND TAMIL VIDYALAYA
03683,BLACK FOREST TAMIL VIDYALAYAM
03684,ATABAGE TAMIL VIDYALAYAM
03685,NAYAPANE TAMIL VIDYALAYAM
03686,EVALGOLLA TAMIL VIDYALAYAM
03687,GAMPOLA HINDU COLLEGE
03691,KADIELENA TAMIL V.
03692,GREENWOOD TAMIL VIDYALAYAM
03700,RANGALA TAMIL PRIMARY SCHOOL
03701,HIJRAPURA MUSLIM VIDYALAYA
03702,KALAIMAHAL T.V
03703,AL-AMAAN MUSLIM VIDYALAYA
03714,AL MUNAWWARA MU.P.V
03720,AN NOOR MUSLIM PRIMARY VIDYALAYA
03721,PUSSELLAWA HINDU PRIMARY SCHOOL
03725,NAWALAPITIYA AL-SAFA PRIMARY SCHOOL
03726,AL AMEENIYA MUSLIM PRIMARY VIDYALAYA
03727,AL HIKMA VIDYALAYA
03736,KATHIRESAN MODEL PRIMARY SCHOOL
03740,SRI SHANMUGA PRIMARY VIDYALAYAM
03743,CRAIHEAD NO 01 MODEL PRIMARY SCHOOL
03744,SIVANANDA PRIMARY SCHOOL
03746,KANDEKETIYA P.T.V
04010,CP/NA/AMB/PALLETHENNA T.V.
04153,PUWAKPITIYA DAMMANTHANNA KANISHTA VIDYALAYA
04260,ZAHIRA V.
04261,AMINA B.M.V.
04262,PAKKYAM V.
04266,HINDU M.V.
04267,MINHAJ MU.V.
04268,ARAFA MUSLIM M.V.
04269,AN-NOOR MU.V.
04270,HAMEEDIYA MU.V.
04271,THIRUWELLUWAR T.V.
04272,KALAIMAGAL T.V.
04273,DEWAHUWA MUSLIM M.V.
04274,ELAMALPOTHA MUSLIM M.V.
04275,RAJJAMMANA MU.V.
04276,KOTTEGODA MU.V.
04277,MUSTHAFA MU.V.
04278,ISMALIYA MU.V.
04279,KEPPETIYA MUSLIM M.V.
04280,AL_AZHAR MUSLIM K.V.
04281,NIKAWATAWANA.MUS.M.V.
04282,CP/NA/ALHAMRA MUS.V.
04283,KANDALAMA MADEENA.MUS.K.V.
04284,ABDUL HAMEED MU.V.
04285,ELKADUWA T.V.
04286,HUNUGALA T.V.
04287,WARIYAPOLA T.V.
04288,YATAWATTA T.V.
04289,SALAGAMA.T.V.
04290,MAHALEVAKANDA T.V.
04291,CP/NA/AMB/GAMMADUWA T.V.
04292,CP/NA/AMB/OPALGALA T.V.
04294,MIDLANDS T.V.
04295,BAMBARAGALA.T.V.
04296,DANKANDA T.V.
04298,MATALE WEST T.V.
04299,MAUSSAGALA T.V.
04300,NICALAOYA T.V.
04301,RATWATTA .T.V.
04302,CP/NA/AMB/NAGALA T.V.
04304,WEVALMADA T.V.
04305,CP/NA/HAPUGASPITIYA T.V.
04306,BANDARAPOLA T.V.
04307,GANESWARA T.V.
04308,PITAKANDA T.V.
04309,CP/NA/AMB/VIGNASWARA  T.V.
04311,VIVEGANANDA T.V.
04312,VANI T.V.
04315,SULUGUNE PRIMARY VIDYALAYA
04318,PARAKRAMA PRIMARY SCHOOL
04319,WEHERAGALAYAYA KANISTA VIDIYALAYA
04321,PALUPITIYA PRIMARY SCHOOL
04322,DHARMAPALA PRYMARY SCHOOL
04323,MALGAMANA PRIMARY SCHOOL
04324,CP/NA/NAMAGAL T.V.
04325,EGODA DEWAGIRIYA PRIMARY SCHOOL
04326,OVILKANDA T.V.
04329,NAMINIOYA MONTIGOPALLAWA PRIMARY SCHOOL
04330,VIDYARTHA MODEL PRIMARY SCHOOL
04333,ALMINA P.V
04339,AL RAHAMATH MU P.V
04342,NUGAGOLLA DHARMAPRADEEPA PRIMARY SCHOOL
04343,DUTUGEMUNU PRYMARY SCHOOL
04345,HANDUNGAMUWA PRIMARY SCHOOL
04346,GANAPATHY T.P.V
04347,SRI KUMARAN T.P.V
04348,NAWA GURUWELA PRIMARY SCHOOL
04349,MA OYA KANISTHTA SCHOOL
04350,SIWALI MODLE PRIMARY SCHOOL
05005,GOOD SHEPHERD B.M.V.
05025,ST.COOMBS M.V.
05151,SOORIYAGAHAPATHANA V.
05167,HIGHLANDS M.M.V
05168,TALAWAKELLE T.M.V
05169,ST.JOHN BOSCO'S M.V
05170,SARASWATHY T.M.V.
05173,KOTAGALA T.M.V
05174,PANMURE T.V.                                      
05175,WATAGODA T.M.V.
05176,DIMBULA T.M.V
05177,ABBOSTLEIGH T.M.V.                                
05178,AGRA OYA T.V                                       
05179,CHRYSTLERS FARM T.V.
05180,DAYAGAMA T.V.
05181,GLENLYON T.V
05182,CALIDONIYA T.V.
05183,ST.CLAIR T.M.V.
05184,STONYCLIFF T.V.
05186,AGARAKANDE T V.
05187,AGRAOUVAH T.V.
05188,ALBION T. V
05189,ARDLAW T.V.
05190,GANESHA T.V
05191,BINOYA NO 2 T.V.                                  
05192,BOGAHAWATTE T.V
05193,BEARWELL T.V
05194,BRAEMORE T.V.
05195,VIVEKALAYA T.V.
05196,CAROLINA T.V                                      
05197,CHALMERS T.V.
05198,CRAIGILEA T.V.
05199,NAMAGAL T.V 
05201,UPPER CRENLY T.V.
05202,DRAYTON T.V
05203,DAYAGAMA WEST NO1 T.V.
05204,DAYAGAMA EAST T.M.V
05205,DELL T.V.
05206,HOLYROOD T.V
05207,EILDON HALL T.V
05208,FAIR FIELD T V
05209,FERHAM T.V ( 1- 9)
05210,GLASGOW.T.V
05211,GLENOMERA T.V
05212,HOLMWOOD T V
05213,KELLIEWATTA T.V
05214,LOGIE T.V
05215,MAYFIELD.T.V
05216,MOUNTVERNON T.V
05217,MOUSAELLA T.V
05218,MONTJEAN T.V.                                     
05219,NUTBOURNE T.V
05220,PRESTON T.V ( 1- 9)
05221,RAHANWATTE T.V ( 1 - 9)
05222,SHANNON T.M.V.                                    
05223,SANDRINGHAM T.V
05224,THORNFIELD T.V.
05225,TROUP.T.V
05226,TORINGTON T.V 
05227,ATHITHYAA T.V ( 1 - 9)
05228,VELLAIOYA NO 2 T.V.                               
05229,WELLINGTON T.V
05230,YTHANSIDE T.M.V
05231,YARRAVEL T.V.
05233,HARRINGTON T.V
05234,WATAWALA T.V
05235,BALMORAL T.V.
05236,LOWER CRANEY T.V
05237,CLYDESDALE T.V
05238,MALAIMAGAL.T.V.                                 
05239,FRUITHILL T.V.                                    
05240,DERRYCLARE T.V
05241,PATANA T.V
05242,YOXFORD T.V
05243,ST.ANDREW'S T.V
05244,STERLING T.V
05246,BARATHY T.M.V
05247,PORTMORE T.V
05248,ST REGULARS T.V.
05249,AGRA T.V.
05252,HOLY ROSARAY M.V
05253,GANAPATHY TMV
05254,KADAWALA T.V
05256,DUNKLED T.V.                                      
05257,MASKELIYA MUSLIM V
05258,NALLATHANNEER T.M.V
05259,BARATHI T.V
05260,ST JOHN DELREY T.V
05262,INJESTRY T.V
05263,OTTERY T.V                                        
05264,MOCHA M.V
05265,DICKOYA T.V
05266,LUCCOMBE T.M.V.
05267,TIENTSIN T.M.V
05268,BLOOMFIELD T.M.V
05269,CARFEX T.M.V                                      
05270,SINGARAWATTE T.V
05271,CAMPION T.M.V
05272,GOURAVILLA TMV
05273,ALTON TV
05274,THEIVAKANDA T.V.
05275,ANNANDALE TV 
05276,ALDIE T.V
05277,ANNFIELD T.M.V                                    
05278,BLACK WATER T.V                                   
05279,BOGANWANTHALAWA T.V
05280,COOLBAWN T.V.                                     
05281,ELBEDDE T.V
05282,FAIRLAWN T.M.V
05283,FRIEDLAND T.V
05284,FETTERASSO T.V
05285,GARTMORE T.V
05286,GANGEWATTE T.V
05287,KIRKOSWALD NO.1 T.V
05288,KENILWORTH NO 1 T.V.                              
05289,KENILWORTH NO.2 T.V.                              
05290,KEW T.V
05291,LOINORN T.V
05292,LYNSTED T.V
05293,LONACH T.V
05294,LAXAPANA NO 1 T.V
05295,LAXAPANA NO 2 T.V
05296,MORAY UD T.V
05297,MORAY LD T.V
05298,MOUSAKELLA NO 1 T.V
05299,MONTTINGHAM T.V
05300,MINNA T.V
05301,OSBORNE T.V                                       
05302,POYSTON T.V                                       
05303,ST.VIGEANS T.V
05304,SUMMERVILLE T.V                                   
05305,TILLARY T.V.                                      
05306,THEBORTON T.V
05307,WANARAJA U.D T.V
05308,WANARAJA L.D T.V
05309,WARLIEGH T.V
05310,DARAWELLA U.D.T.V.                                
05311,FORDYCE T.V.                                      
05312,MANIKKAWATTHA T.V.                                
05314,LIDDESDALE T.V.                                   
05315,ST.LEONARDS T.V.
05316,HALGRANOYA T.V.
05317,DELMAR T.V.
05318,BROOKSIDE T.V.
05319,GLENDEVON T.V.
05320,MAHACOODAGALLA T.V.
05322,GORDON T.V
05323,AMHERST  T.V.
05324,ALNWICK T.V.
05325,BLAIRLOMOND  T.V.
05326,HIGH FOREST NO 03  T.V.
05327,MERIGOLD T. P. V.
05328,PRINCESS T.M.V
05329,MAHAUVA   T.V.
05330,HARASBEDDA T.V.
05333,ROOKWOOD NO.01 T.K.V.
05334,MARUTHI T.P.V
05336,KABARAGALA T.K.V.
05337,ELAMULLA T.K.V.
05338,ADAWAN T.P.V.
05339,VIVEKANANDA T.K.V.
05340,ALMA GREYMONT T.V.
05341,ALMA SEATON  T.V.
05342,SILVER KANDY  T.V.
05345,PUNDULOYA TAMIL M.V.
05346,KAHIRA MUSLIM V.
05347,AL-HIDAYA MUSLIM K.V.
05349,HUNUGALOYA TAMIL VIDYALAYA
05350,MAYMOLLY TAMIL P.S.
05351,VIVEGANANDA TAMIL M.V.
05353,VIGNESHWARA TAMIL M.V.
05354,WEVANDON TAMIL K.V.
05355,NORTH PUNDULUOYA TAMIL VIDYALAYA
05357,KALAPUWANAM TAMIL K.V.
05358,PUNDALUOYA SHIVANANDA HINDU COLLEGE
05359,KATABOOLA QUEEN'S BERRY TAMIL V.
05360,NORTH MEDDEKUMBURA NO 04 TAMIL P.V.
05361,FROTOFT TAMIL VIDYALAYA
05362,DUMBAGASTHALAWA TAMIL K.V.
05363,KOLAPATHNA TAMIL P.V.
05364,HUNUKOTUWA TAMIL P.V.
05365,HELBODDE NORTH TAMIL V.
05366,DUNSINANE NO 02 TAMIL V.
05367,KALAIWANI TAMIL P.V.
05368,SOUTH MEDDAKUMBURA NO 02 TAMIL V.
05369,GLENLOCH TAMIL VIDYALAYA
05370,SHRI SHANMUGA TAMIL K.V.
05371,RUSHBROOK TAMIL P.V.
05372,DUNSINANE NO 03 TAMIL P.V.
05373,KATABOOLA NO 02 TAMIL P.V.
05374,FERLADS TAMIL VIDYALAYA
05375,HARROW TAMIL VIDYALAYA
05376,KAIPUGALA TAMIL V.
05377,ST.XAVIER'S COLLEGE
05379,GOOD REST CONVENT
05381,ST ANTHONY'S COLLEGE
05382,COURTLODGE TV
05383,DESSFORD T.M.V.
05384,CARLABECK T.V
05385,ST JOHNS T.V
05386,MARIA T.M.V
05387,CALSEY T.V
05388,GREAT WESTERN T.V
05390,ABBOTS FORD T.V
05391,HETHERSETT T.V
05392,RADELLA T. V
05393,WEST WARD HO T.V
05394,LINDULA T. V
05395,MATTAKELLE T.V
05396,LAMILIERE TV
05397,WALTRIM T.V
05398,UDARADELLA TV
05399,GALKANTHAWATHA T.V
05400,PALMESTON T V.
05401,SOMERSET T.V
05402,ELGIN.T.V
05403,TANGAKEELA NO 2 T.V
05404,CONCORDIA T.V
05405,GOATFELL T.V
05406,SUMMERHILL.T.V
05407,MORNINGTON T.V
05408,WANGIOYA NO.1 T.V
05409,TANGAKELLE.NO.1.T.M.V.
05410,TANGAKELLE NO3 TV
05411,SIVAANI T.V
05412,LIPPAKELE TV
05414,WANGIEOYA NO 02 TV
05415,GLENEAGLES T.V
05416,PARK T.V
05418,THISPANE TAMIL P.V.
05420,RAMANATHAN THONDAMAN TAMIL V.
05421,BAMBARAKELLE T.V
05422,BELGRAVIA T.V
05423,GLASSAUGH T.V
05424,ESKADALE T.V
05425,PEDRO T.V
05426,OLIPHANT T. V
05427,MOONPLAINS T.V
05486,MAHA ELIYA T.V
05487,HAUTEVILLE T V
05488,VIVEKANANDA  T.V. (HIGHFOREST)
05489,THERASIA T.V
05490,PITTENWEEN T.V
05491,BOGAWANNA KILLARNEY T.V
05492,BONACORD T.V
05493,ROBGILL T.V 
05494,KIRKOSWALD NO.2 T.V
05495,QUEENSLAND T.V
05496,DEESIDE T.V
05497,GLENUGIE T.V.
05498,VENTURE T.V
05499,IREBY T.V
05500,NEWVELLY T.V
05502,RAPPAHANNOCK  T.V.
05503,ST.MARGARTS  T.V.
05505,BRAMLEY  T.V.
05506,DARAWELLA .LD.T.V                                 
05507,NEWTON T.V
05508,NORWOOD U.D T.V
05509,ELTOFTS T.V
05510,ADAMSPEAK T.V
05511,MOUSAKELLA NO 2 T.V
05512,HAPUGASTANNA T.V.
05513,KINGOIRA T.V
05514,LYNFORD T.V
05515,INVERY T.V.                                       
05516,MIDLOTHIYAN T.V
05517,HADLEY T.V                                        
05518,CLAVERTON T.V                                     
05519,PORTREE T.V
05520,VELLAIOYA NO.3 T.V.                               
05521,KUILWATTE T.M.V                                   
05522,BHARATHI T.K.V
05524,CHOISY TAMIL P.V.
05525,POLWATHURA MUSLIM VIDYALAYA
05526,AL-ARAFA M.V.
05527,ZAHIRA VIDYALAYA
05529,CONIGAR PILLAIYAR  T.V.
05530,SRIVANI T.V.                                    
05531,SARASWATHY  T.V.
05534,GOURAWILLA PRIMARY T.V
05535,MOOLOYA T.K.V
05535,KURINJI TAMIL P.V.
05545,AGARAM T.P.V.
05548,AN-NOOR P.V.
05554,RILLAMULLA  T.P.S.
05555,TULLOES  T.P.S.
05556,RAGALA T.P.S.
05557,ST.MARY'S P.V
05558,ST.JOSEPH'S P T V
05559,NALLATHANNEER T.P.V
05560,BARATHI TAMIL P.V.
05561,DAYAGAMAWEST NO.02.P S
05562,HIGH GREEN T.V
05563,NAWALAR P. S
05564,HOLBROOK P.S T.V
05565,AGARAPATANA  P.S. T.V
05566,HOLY TRINITY PRIMARY 
05567,ROYAL COLLEGE
05569,PULIYAWATTE P. T.V.                                
05571,LUCCOMBE P.T.V.
05575,NORWOOD P.V
05578,NAWALAR PV
06489,WELITHARA MUSLIM MAHA VIDYALAYA
06490,G/SRI RAZIK FAREED M.V.
06491,G/DIVITHURA VIVEKANANDA TAMIL K.V.
06492,G/THUNDUWA MUSLIM M.V.
06493,G/IGALKANDA TAMIL K.V.
06494,THALGASWALA TAMIL K.V.
06495,THALANGAHA SARASWATHI TAMIL VIDYALAYA
06496,ZAHIRA COLLAGE (N.S.) - GINTOTA
06498,MUSLIM LADIES COLLEGE
06499,USWATHUNHASANA M.V.
06500,DADALLA AL MUBARAK VIDYALAYA
06501,HIRIMBURA SULEYMANIYA VIDYALAYA
06502,KANDEWATTA AL-MEERAN MAHA VIDYALAYA
06503,AL-HAJ A.R.M.THASSIM COLLEGE
06504,NAVINNA MUSLIM VIDYALAYA
06505,HALIWALA MUSLIM K.V
06525,AL AKSHA PRIMARY SCHOOL
07003,HULANDAWA TAMIL M.V
07058,DENIYAYA SHANTHA MATTEWS BILINGUAL SCHOOL
07059,HANDFORD SAWBHAGYA TAMIL SCHOOOL
07063,BEVERLEY TAMIL MAHA VIDYALAYA
07068,ENSALWATTE TAMIL KANISHTA VIDYALAYA
07069,ANNINKANDA TAMIL KANISHTA VIDYALAYA
07076,AL-HUDHA MUSLIM K.V.
07090,ANNOOR M.V.
07091,ASSAFA K.V.
07093,ZAHIRA M.V.
07145,GODAPITIYA SADATH M V
07184,MR/ALMANAR M.V.
07224,MR/AL MINA M.V 
07327,MR/DARUL ULUM MAHA VIDYALAYA
07359,AL- ASHAR K. V. 
07394,MR/MINHATH NATIONAL COLLEGE
07403,MR/WELIGAMA MUSLIM  PRIMARY SCHOOL
08060,H/ALAMIR MUSLIM VIDDAYALAYA
08089,H/TANGALLE MUSLIM K.V
08226,H/NALAGAMA MUSLIM K.V
08253,KIRINDA MUSLIM M.V  
08268,M.R.THASIM MUSLIM K. V.              
08300,AL-AKBAR M.V.                                      
08330,BANDAGIRIYA MUSLIM K.V.                           
08347,IQRA P.V.                                         
08357,NOORI P.V
09004,PUNGUDUTIVU SRI GANESHA MAHA V.
09005,SRI SITHTHIVINAYAGAR M.V
09006,DELT SAIVAPIRAGASA V.
09007,NAINATIVU SRI GANESHA KANISTA M.V
09009,PUNGUDUTIVU KAMALAMBIKAI VIDIYALAYAM
09010,PUNGUDUTIVU SRI SUBRAMANIA MAHALIR VID
09011,DELFT R.C.LADIES COLLEGE
09012,DELFT MAVILITHURAI R.C.T.M VID
09013,DELFT SUBRAMANIYA VID
09016,DELFT MANKAIYATKARASI VID
09017,DELFT SRIS KANDA V.
09018,DELFT SEEKIRIYAMPALLAM G.T.M. VID
09019,NAIANATIVU SRI NAGAPOOSANY VID
09020,PUNGUDUTIVU WEST. A.M.T.M SCHOOL
09022,PUNGUDUTIVU RAJARAJESWARY VID
09026,PUNGUDUTIVU THIRUNAVUKARASU VID
09027,PUNGUDUTIVU R.C.T.M.SCH
09028,PUNGUDUTIVU DURAISUWAMY VID
09031,MANDAITIVU M.V
09032,KARAMPON SHANMUGANATHA M.V
09033,VELANAI EAST MAHA VIDIYALAYAM
09034,KARAMPON LITTLE FLOWERS GIRLS M.VID
09036,NARANTHANAI R.C.T.M.S.
09037,SARAVAANAI NAGESWARY M.V
09038,VELANAI SAIVAPRAGASA VID
09039,VELANAI SARASWATHY VID
09039,PALALY SITHYVINAYAGAR VID.
09040,KAYTS ST.MARYS R.C GIRLS VID
09041,ALLAIPPDY PARASKTHY VIDIYALAYAM
09042,VELANAI WEST NADARAJAH VIDIYALAYAM
09043,NARANTHANAI GANESHA VIDIYALAYAM
09044,MANDAITIVU R.C.T.M.S.
09045,ANALAITIVU SOUTH G.T.M.VID
09046,ANALAITIVU VADALOOR G.T.M.VID
09047,SARAVANAI SINNAMADU R.C.T.M.S
09048,VELANAI SOUTH IYANAR VID
09049,KAYTS R.C.BOYS COLLEGE
09050,THAMPADDY G.T.M.S.
09052,MANKUMPAN G.T.M.S.
09053,SURUVIL R.C.T.M.SCHOOL
09054,PARUTHTHIYADDAIPPU KATHIRESANATHA VID
09055,ALLAIPPDY R.C.T.M SCHOOL
09056,CHETTYPULAM G.T.M.S.
09057,MELINCHIMUNAI R.C.T.M.S.
09061,ELUVAITIVU MURUGAVEL V.
09062,ELUVAITIVU R.C.T.M SCHOOL
09064,PANDATERUPPU GIRLS HIGH SCHOOL
09067,PANDATERUPPU HINDU COLLEGE
09068,YARLTON COLLEGE
09069,ARALY HINDU COLLEGE
09070,ARALY SARASWATHI HINDU COLLEGE 
09072,PANNAGAM MEIHANDAN M.V.
09073,CHULIPURAM NORTH ARUMUGA VIDYALAYAM
09074,SUNTHARAMOORTHY NAYANAR VID
09075,MOOLAI SAIVAPRAGASA VID.
09076,SILLALAI R.C.T.M SCHOOL
09077,VADDU CENTRAL COLLEGE
09078,VADDU THIRUNAVUKARASU VIDYALAYAM
09079,KARAI VIYAVIL SAIVA VID
09080,PANDATERUPPU JACINTHA R.C.T.M SCHOOL
09081,ARALY EAST A.M.T.M.SCHOOL
09082,ARALY MURUGAMOORTHY VIDIYASALAI
09083,ARALY NORTH A.M.T.M SCHOOL
09084,ARALY VALLIAMMAI MEMORIAL VIDYASALAI
09085,CHANKANAI STATION A.M.T.M SCHOOL
09086,CHANKANAI EAST VIGNESWARA VIDYASALAI
09087,VADALIYADAIPPU SAIVAPIRAGASA VIDYASALAI
09088,CHULIPURAM AIKIYA SANGA SAIVA VIDYASALAI
09089,CHULIPURAM EAST A.M.T.M SCHOOL
09090,AYILI SIVAGNANOTHAYA VID
09092,KARAI MEIGANDAN V.
09093,KARAI URI A.M.T.M VIDIYALAYAM
09095,MOOLAI A.M.T.M.SCHOOL
09097,PANNAKAM NORTH A.M.T.M.SCHOOL
09098,PILAWATHAI.A.M.T.M. SCHOOL
09099,PIRANPATTU KALAIMAGAL VIDYALAYAM
09100,PONNALAI VARATHARAJA PERUMAL VIDIYASALAI
09101,SANGARATHAI SINNAMAH VIDYASALAI
09102,SANTHAI SITTAMPALAM VIDYASALAI
09103,SITHANKERNEY SRI GANESHA VIDYALAYAM
09104,THIRUVADINILAI S.T.MSCHOOL
09105,THOLPURAM A.M.TM.SCHOOL
09106,THOLPURAM VICKNESWARA VIDYALAYAM
09107,THOPPUKKADU MARAIGNASAMPANTHAR VID
09108,THUNAVI A.M.T.M.SCHOOL
09109,VADDU KARTHIKEYA VIDYALAYAM
09110,VADDU SUBRAMANIA VIDYASALAI
09111,VADDU WEST A.M.T.M.S.
09112,VALANTHALAI NORTH A.M.T.M V.
09113,VALANTHALAI SOUTH A.M.T.M SCHOOL
09114,VEERAPPIDDY GANESHA VID
09115,KADDUPULAM G.T.M.SCHOOL
09116,ILAVALAI CONVENT M.V
09118,MAHAJANA COLLEGE
09121,ARUNODAYA COLLEGE
09123,ILAVALAI MEIHANDAN MAHA VIDYALAYAM
09124,VEMANKAMAM MAHA VIDYALAYAM
09125,KANKESANTHURAI MAHA VIDYALAYAM
09127,KADDUVANPULAM MAHA VIDYALAYAM
09128,KEERIMALAI NAGULESWARA MAHA VIDYALAYAM
09129,PONPARAMANANTHAR VID.
09130,MYLIDDY NORTH KALAIMAGAL MAHA VIDYALAYAM
09131,ALAVEDDY ARUNASALAM VIDYALAYAM
09132,ALAVEDDY SEENANKALADDY GNANODAYA VID
09133,ALAVEDDY SATHANANTHA VIDYALAYAM
09134,KOLLANKALADDY SAIVA T.M.S.
09135,KULAMANGAL R.C.VIDYALAYAM
09136,NUNASAI VIDYALAYAM MATHAGAL
09137,MYLIDDY SOUTH GNANODAYA VID.
09138,MYLIDDY R.C.T.M.S
09140,PANNALAI SRI KANAGASABAI G.T.M.S
09141,TELLIPPALAI SIVAPRAGASA VIDYASALAI
09142,PALALY NORTH G.T.M.S.
09143,ALAVEDDY NORTH A.M.T.M.SCHOOL
09144,ALAVEDDY SOUTH A.M.T.M.S
09145,ALAVEDDY SOUTH R.C.T.M SCHOOL
09146,ILAVALAI R.C.T BOYS SCHOOL
09148,MALLAKAM VISALADCHI VIDIYASALAI
09149,MAREESANKOODAL R.C.T.M. SCHOOL
09150,MAREESANKOODAL SUBRAMANIYA VIDYALAYAM
09151,MATHAGAL ST.THOMAS R.C.GIRLS SCHOOL
09152,MATHAGAL VIGNESWARA VIDYALAYAM
09153,MAVIDDAPURAM SOUTH A.M.T.M.S.
09155,PERIYAVILAN R.C.T.M. SCHOOL
09157,THAIYIDDY SIVAGURUNATHAR VID.
09158,THAIYIDDY GANESHA VID.
09159,URANI KANISHDA VID.
09160,VALITHTHOONDAL R.C.T.M.S.
09161,VARTTHALAIVELLAN A.M.TM.S
09162,MAVIDDAPURAM NORTH A.M.T.M.S.
09163,DR.THANGAMMA APPAKUTTY KANISTA VID.
09164,NADESWARA KANISHTA VIDYALAYAM
09165,THANTHAI CHELVA PRIMARY SCHOOL
09167,RAMANATHAN COLLEGE
09169,MANIPAY LADIES COLLEGE
09170,ERLALAI MAHA VIDYALAYAM
09171,MANIPAY MEMORIAL ENGLISH SCHOOL
09172,MYLANI SAIVA MAHA VIDYALAYAM
09173,INUVIL HINDU COLLEGE
09174,INUVIL CENTRAL COLLEGE
09175,NAVALY MAHA VIDYALAYAM
09176,SANDILIPAY HINDU COLLEGE
09177,UDUVIL MANNS MAHA VIDYALAYAM
09178,KUPPILAN VIGNESWARA MAHAVIDYALAYAM
09179,ANAICODDAI BALASUBRAMANIYA VIDYALAYAM
09180,ANAIKODDAI R.C.T.M SCHOOL
09181,ERLALAI SAIVAMAHAJANA VIDYALAYAM
09182,MANIPAY ST.ANNES R.C.T.M.S
09183,SUTHUMALAI NORTH T.M. VIDYALAYAM
09184,THAVADY HINDU TAMIL MIXED SCHOOL
09185,UDUVIL MURUGAMOORTHY VIDYASALAI
09186,EALALAI SRIMURUGAN VIDYALAYAM
09187,SUTHUMALAI CHINMAYA BHARATHY VIDYALAYAM
09188,ANAIKODDAI A.M.T.M SCHOOL
09189,CHUNNAKAM NAGESWARY VIDIYASALAI
09190,CHUNNAKAM R.C.T.M. SCHOOL
09191,ERLALAI NORTH AMTMS
09192,EARLALAI ST.ISIDORE R.C.T.M SCHOOL
09193,EARLALAI SOUTH A.M.T.M.S.
09194,ERLALAI WEST SAIVASANMARKA VIDYASALAI
09196,KADDUDAI SAIVA VIDYALAYAM
09197,KANDERODAI TAMIL KANDIAH VID
09198,KODDDAIKKADU GOVERVMENT TAMIL MIXED SCHOOL
09199,MANIPAY SOTHYVEMBADY VIDYALAYAM
09200,MANIPAY VIVEKANANDA VIDYASALAI
09201,NAVALY ATTAGIRI SAIVA VIDYASALAI
09202,NAVALI SOUTH AMTMS
09203,NAVALY ST.PETERS R.C.T.M. SCHOOL
09204,NAVALY STATION A.M.T.M. SCHOOL
09205,PUTHUMADAM R.C.T.M SCHOOL
09206,SANDILIPAY G.T.M SCHOOL
09207,SANDILIPAY NORTH TAMIL MIXEDSCHOOL
09208,SANGUVELY G.T.M.S
09209,SUTHUMALAI G.T.M.S
09210,CHUNNAKAM THIRUGNANASAMPANTHAR VIDYASALAI
09211,UDUVIL AMERICAN MISSION TAMIL MIXED SCHOOL
09213,UDUVIL MALWATHA R.C.T.M.SCHOOL
09214,UDUVIL MANNS TAMIL MIXED SCHOOL
09215,UYARAPULAM GUNABALAN VIDYASALAI
09218,ATTIYAR HINDU COLLEGE
09219,IDAIKKADU M.V
09221,KOPAY M.V
09222,PUNNALAIKADDUVAN MAHA VIDYALAYAM
09225,ATCHELU SAIVAPRAGASA VIDYALAYAM
09226,ATCHUVELY SARASWATHY VIDYASALAI
09227,ST.THERESAS GIRLS COLLEGE
09228,AVARANGAL MAHAJAN VIDYALAYAM
09229,AVARANGAL NADARAJA RAMALINGA VIDYALAYM
09230,KOPAY SARAVANAPAVANANTHA VIDYALAYAM
09231,PUTHAKALADDY SRI VISHNU VIDYALAYAM
09232,URELU GANESHA VID.
09233,URUMPIRAI SAIVATAMIL VIDYALAYAM
09234,VATHARAWATTAI VIGNESWARA VIDYALAYAM
09235,ATCHELU METHODIST MISSION TAMIL MIXED SCHOOL
09237,EVENAI GOVERNMENT TAMIL MIXED SCHOOL
09238,IRUPALAI C.C.T.M.S
09239,KATHIRIPAY SUBRAMANIYA VIDYALAYAM
09240,KOPAY NAVALAR VID
09242,KOPAY NORTH RCTMS
09243,KOPAY SOUTH RCTMS
09244,KOPAY SOUTH KANTHAVEL T.M.S.
09245,KUDDIYAPULAM G.T.M.SCHOOL
09246,NAVATKIRI AMTMS
09247,NEERVELY CCTMS
09248,NEERVELY R.C.T.M.S
09250,OTTAKAPPULAM R.C.T.M.S
09251,PATHAMENI RATNESHWARY VID
09254,PUNNALAIKKADDUVAN SITHTHYVINAYAGAR VID
09255,PUNNALAIKKADDUVAN HINDU T.M.S.
09256,PUTTUR MMTMS
09257,SIRUPIDDY GTMS
09258,SIRUPIDDY HTMS
09259,THOPPU ARULNANTHI VID
09261,URUMPIRAI SANDROTHAYA VID
09262,URUMPIRAI RCTMS
09263,VALALI AMTMS
09264,VAYAVILAN SRIVELUPILLAI VIDYALAYAM
09265,VAYAVILAN R.C.T.M.S.
09267,PUTTUR MADIHE PANNASIHA VID
09268,KARANTHAN RAMUPPILLAI VID
09270,UDUPPIDDY GIRLS COLLEGE
09271,CHITHAMPARA COLLEGE
09272,UDUPPIDDY A.M.COLLEGE
09274,GNANASARIYAR COLLEGE
09275,VATHIRY SACRED HEART COLLEGE
09276,THEVARIYALI HINDU COLLEGE
09277,VALVAI MAHALIR MAHA VIDYALAYAM
09278,KARANAVAI MV
09279,THONDAIMANNARU VMV
09280,IMAYANAN GTM.SCHOOL
09281,KADDAIVELY YARKKARU VINAYAGAR VID.
09282,KAMPARMALAI VIDYALAYAM
09284,KARANAVAI PONNAMPALAM VIDYALAYAM
09285,KARAVEDDY SRINARATHA VIDYALAYAM
09286,POLIKANDY HTMS
09287,VALVAI SIVAGURU VIDYASALAI
09288,VALVETTY HTMS
09289,KADDAIVELY.M.M.T.M.SCHOOL
09290,KARANAVAI MANIYAKARAN THODDAM GTMS
09292,KARANAVAI THAMOTHARA VIDYALAYAM
09293,KARANAVAI VETHARANIESWARA VIDYALAYAM
09294,KARAVEDDY EAST G.T.M.SCHOOL
09295,MANIKKAVASAGAR VIDYALAYAM
09296,KARAVEDDY SARASWATHY MAHALIR VID
09298,KERUDAVIL HTMS
09299,KOTTAWATTAI AMTMS
09300,NELLIADY MMTM.SCHOOL
09302,THUNNALAI KASINATHAR VIDYALAYM
09303,THUNNALAI SOUTH GTMS
09304,UDUPPIDDY SAIVAPIRAGASA VIDYALAYAM
09305,VALVAI AMTMS
09306,VALVAI RCTMS
09307,VALVETTY VINAYAGAR VIDYALAYAM
09308,ALVAI AMBAL VIDYALAYAM
09309,ALVAI SRILANKA VIDYASALAI
09310,CHEMPIYANPATTU GTMS
09311,KALADDY RCTMS
09312,KUDATHANAI G.T.M.S
09313,POINTPEDRO SITHYVINAYAGAR VIDYALAYAM
09314,ST.THOMAS ROMAN CATHOLIC GIRLS SCHOOL
09315,THALAIYADY RCTMS
09316,THUMPALAI SIVAPRAGASA MV
09317,THUNNALAI NORTH MMTMS
09318,AMPAN A.M.T.M.S
09319,CHEMPIANPATTU RCTMS
09320,KATCOVALAM MMTMS
09321,KERVIL GTMS
09323,PUTTALAI MAHA VIDYALAYAM
09325,ALVAI SINNATHABY VIDYALAYAM
09326,MELAIPULOLY SAIVAPRAGASA VIDIYALAYAM
09327,PULOLY MMTMS
09328,ALVAI HINDU TAMIL MIXED SCHOOL
09330,THAMBASIDDY MMTMS
09331,VATHIRY NORTH MMTM.SCHOOL
09334,NAGARKOVIL M.V
09337,ALVAI NORTH RCTMS
09338,KUDATHANAI KARAIYOOR A.M.T.M.S
09339,J POTPATHY ROMAN CATHOLIC TAMIL MIXED 
09340,MAMUNAI GTMS
09341,MANATKADU R.C.T.M.S
09342,MARUTHANKERNY HTMS
09343,MATHANAI MMTMS
09345,PULOLY EAST GTMS
09346,THICKAM SITHYVIONAYAGAR VIDYALAYAM
09348,VETTILAIKERNY PARAMESWARA VID
09349,KADDAIKADU RCTMS
09350,VETTILAIKERNY RCTMS
09351,ALIYAWALAI CCTMS
09352,DRIEBERG COLLEGE
09354,CHAVAKACHCHERI LADIES COLLEGE
09355,CHANDRAPURA SKANDAVARODAYA MAHA VIDYALAM
09357,NAVATKULI MV
09358,USAN RAMANATHAN MV
09360,MEESALAI VIGNESWARA MAHA VIDYALAYAM
09362,KAITHADY MUTHTHUKUMARASWAMY MV
09363,ALLARAI GTMS
09364,ELUTHUMADDUVAL SRIGANESHA VID
09365,KACHCHAI MAHA VIDYALAYAM
09366,KAITHADY GURUSAMY VIDDIYALAYAM
09367,KAITHADY NUNAVIL GTMS
09368,KAITHADY VIGNESWARA VIDYALAM
09369,MADDUVIL CHANDRAMOULEESA VID
09370,MADDUVIL KAMALASANY VID
09371,MADDUVIL SOUTH AMTMS
09372,MADDUVIL SOUTH SARASWATHY VID
09373,MANTHUVIL SRI BHARATHY V.
09374,MARAVANPULO SAKALAKALAVALLI V.
09375,MIRUSUVIL GTMS
09377,SARASALAI SRI GANESHA VID
09378,IDAIKKURICHCHI SRI SUBRAMANIYA VID
09379,VIDATHATPALAI KAMALASINI
09380,CHAVAKACHCHERI RCTMS
09382,ELUTHUMADDUVAL G.T.M.S
09383,ERUTHIDAL GTMS SCHOOL
09384,KAITHADY KALAIVANI VID
09385,KAITHADI SETHUKAVALAR VIDYALAYAM
09387,KALVAYAL SRI SHANMUGANANTHA VIDYALAYAM
09388,KAITHADY NAVATKULI GTMS
09389,KARAMPAI AMTMS
09390,KARAMBAIKKURICHCHY G.T.M.S
09391,KARAMPAKAM G.T.M.S.
09392,KETPELY G.T.M.S
09393,KOVILAKANDY MAHALUXMY VID
09394,KUDAMIYAN G.T.M.S
09395,MADDUVIL NORTH G.T.M.S
09396,MADDUVIL SANTHANAYAKI VIDYALAYAM
09397,MANTHUVIL R.C.T.M SCHOOL
09399,MEESALAI KAMALAMBIKAI VIDYLAYAM
09400,NAVATKADU KANAPATHIPPILLAI VIDYALAYAM
09401,NUNAVIL EAST AMIRTHAMBIKAI VIDYALAYAM
09403,POKKADY G.T.M.S
09404,POKKADDY R C T M SCHOOL
09408,MIRUSUVIL R C T M SCHOOL
09409,CHAVAKACHCHERI SAKTHI AMMAN T M S
09410,THANANKILLAPPU.G.T.M.S.
09411,VARANY NORTH SAIVAPRAKASA VIDYALAYAM
09412,VARANY NORTH G.T.M.S.
09414,IYATTALAI A M T M SCHOOL
09420,MUTHUTHAMBY M.V.
09421,JAFFNA HINDU LADIES PRIMARY SCHOOL
09422,ARIYALAI SRIBARWATHY VID.
09423,KANTHARMADAM SAIVAPRAGASA VID.
09424,KOKUVIL SRI RAMAKRISHNA VID.
09425,KOKUVIL EAST NAMAGAL VID.
09426,KOKUVIL SRI GNANAPANDITHA VID.
09427,KONDAVIL HINDU COLLEGE
09428,KONDAVIL RAMAKRISHNA M.V
09429,NALLUR HTMS
09430,NALLUR STATION CCTMS
09431,NAYANMARKADU MAHESESWARY VID
09432,PERIYAPULAM M.V.
09433,UYARAPULAM M.M.T.M.S.
09434,ANAIPANTHY MERTHODIST MISSION VID.
09435,ARIYALAI EAST GTMS
09436,CHETTITHERU MMTMS
09438,KALADDY MMTMS
09439,KALVIANKADU HTMS
09440,KOKUVIL STATION CCTMS
09441,KOKUVIL WEST CCTMS
09442,KONDAVIL C.C.T.M.S.
09443,KONDAVIL PARAMSOTHY VID
09444,KONDAVIL RCTMS
09446,NALLUR KASIPILLAI VID.
09447,NALLUR ST.BENEDICT RCTMS
09448,ELAYATHAMBY HINDU VID.
09449,THIRUNELVELY RCTMS
09450,PRAMESWARA VIDYALAYAM
09451,VAN.SRIVAITHILINGAM VID.
09452,JAFFNA HINDU PRIMARY SCHOOL
09453,KOKUVIL HINDU PRIMARY SCHOOL
09454,POOMPUHAR GTMS
09455,COLUMBUTHURAI HINDU M.V.
09456,JAFFNA CENTRAL COLLEGE
09457,HOLY FAMILY CONVENT
09459,KATHEEJA M.V
09460,OSMANIYA COLLEGE
09461,SANMARKA M.V
09462,ST.CHARLES M.V.
09463,ST.JAMES M.V.
09466,COLUMBUTHURAI ST.JOSEPH VID.
09467,COLUMBUTHURAI THURAIAPPAH VID
09468,KODDADY NAMASIVAYA VID.
09469,NALLUR SOUTH SRI VIGNESWARA VID.
09470,NAVANTHURAI R.C.T.M.S
09471,PASSAYOOR ST.ANTONYS GIRLS VID.
09472,ST.JAMES GIRLS SCHOOL
09473,ST.MARYS VID.
09475,ST.JOHN BOSCOS VID.
09476,ST.ROCHES VID.
09481,VAN. NAVALAR M.V.
09485,CHAVAKACHCHERI HINDU PRIMARY SCHOOL
09486,KODIKAMAM GOVERNMENT VIDIYALAYAM
09493,VIGNESWARA PRIMARY SCHOOL
09494,SKANDAVARODAYA PRIMARY SCHOOL
09495,SRI SOMASKANTHA HINDU PRIMARY SCHOOL
09496,UDUTHURAI HINDU PRIMARY SCHOOL
09497,KODIKAMAM THIRUNAVUKKARASU PRIMARY 
09498,VADAMARADCHY HINDU PRIMARY SCHOOL
09499,SUBRAMANIYA VIDYASALAI
09500,ATCHUVELY PRIMARY SCHOOL
09501,MEESALAI VEERASINGAM PRIMARY SCHOOL
09502,THAVALAI SAIVATHTHAMIL VIDYALAYAM
09503,CHANKANAI SIVAPRAGASA HINDU PRIMARY SCHOOL
09504,PUNITHANAGAR TAMIL VIDYALAYAM
10003,ST. THERASAS GIRLS COLLEGE
10005,RAMANATHAPURAM MAHA VIDYALAYAM
10007,URUTHIRAPURAM MAHA VIDYALAYAM
10008,VANNERIKULAM MAHA VIDYALAYAM
10009,IRANAITIVU ROMAN CATHOLIC TAMIL MIXED SCHOOL
10010,KANAGAPURAM MAHA VIDYALAYAM
10012,NACHCHIKUDA G.M.M SCHOOL
10013,RAMANATHAPURAM WEST G.T.M.S.
10014,VERAVIL HINDU MAHA VIDYALAJAM
10015,ST. FATIMA ROMAN CATHOLIC TAMIL MIXED SCHOOL
10016,THIRUVAIARU MAHA VIDYALAYAM
10017,KILINOCHCHI MAHA VIDYALAYAM
10020,CHEMPANKUNRU G.T.M SCHOOL
10021,KARIYALAI NAGAPADUVAN N0 -2 G.T.M.S.
10022,KARIYALAI NAGAPADUVAN NO - 3 G.T.M.S.
10023,KANAKAMPIKAIKULAM GOVERNMENT TAMIL MIXED S
10024,KIRANCHI G.T.M.S.
10025,KUMULAMUNAI G.T.M.S.
10027,PANNAKKANDY HINDU TAMIL MIXED SCHOOL
10029,RAMANATHAPURAM EAST MAHA VIDYALAYAM
10030,SKANTHAPURAM NUMBER ONE GOVERNMENT MIXED S
10031,SKANTHAPURAM NO 2 GTMS
10032,SIVANAGAR GOVERNMENT TAMIL MIXED SCHOOL
10033,VADDAKKACHCHI SOUTH GOVERNMENT TAMIL MIXED S
10034,VALLAIPADU R.C.T.M.S.
10036,PUTHUMURIPPU VIGNESWARA VIDYALAYAM
10039,POONAGARY CENTRAL COLLEGE
10040,PARANTHAN HMV
10041,IYAKKACHCHI MAHA VIDYALAYAM
10042,KALAVEDYTHIDAL NAGESWARA VID
10043,KANDAWALAI MV
10044,MASAR GOVERNMENT TAMIL MIXDE SCHOOL
10046,ALLIPPALAI CCTMS
10048,CHELLIYATHIVU G.T.M.S.
10050,ELEPHANTPASS GTMS
10051,GNANIMADAM GTMS
10052,KARUKKAITIVU MAHA VIDYALAJAM
10054,KILALY RCTMS
10055,KOVILVAYAL CHURCH OF CEYLON MIXED SCHOOL
10056,MADDUVILNADU G.T.M.S.
10057,MUHAMALAI RCTMS
10058,MUHAVIL GOVERNMENT TAMIL MIXED SCHOOL
10059,MURASUMODDAI GTMS
10060,ST. ANTONYSROMAN CATHOLIC SCHOOL
10061,PALLAI ROMAN CATHOLIC T.M.S.
10062,PARAMANKIRAI G.T.M.S.
10063,PARANTHAN GTMS
10064,POONAKARY NALLUR M.V
10065,SAMIPPULAM G.T.M.S.
10066,PERALAI CHURCH OF CEYLON TAMIL MIXED SCHOOL
10067,SORANPATTU GANESHA VIDYALAYAM
10068,KANNAGAIAMMAN VID
10070,THARMAKENY G.T.M.S.
10071,THARMAPURAM NO 1 GTMS
10072,UMAIYALPURAM GTMS
10073,VEMPODUKERNY CCTMS
10074,VINASIYODAI G.T.M.S.
10075,PERIYAKULAM IYANAR GTMS
10076,PULLIAMPOKANI NAGENTHIRA VID
10077,JEYAPURAM M.V.
10079,ANAIVILUNTHANKULAM G.T.M.S.
10080,OOTTUPULAM G.T.M.S.
10081,SIVAPATHAKALAIYAGAM G.T.M.S.
10082,MYLVAGANAPURAM GTMS
10083,PUNNAINEERAVI GTMS
10084,PIRAMANTHANARU MV
10085,UNIONKULAM G.T.M.S.
10086,KANNAKAIPURAM G.T.M.S.
10087,SELVANAGAR G.T.M.S.
10088,KALMADUNAGAR GTMS
10089,KADDAIKADU GTMS
10090,KUMARASAMYPURAM GTMS
10091,KILINOCHCHI HINDU PRIMARY VIDYALAYAM
10092,PALLIKUDA VIDYALAYAM
10093,IYANARPURAM G.T.M.S.
10094,SHANTHAPURAM KALAIMAGAL VIDYALAYAM
10095,ALAKAPURI VIDYALAYAM
10096,THAMBIRASA VIDYALAYAM
10097,MUKKOMPAN MAHA VIDYALAYAM
10098,MAYAVANOOR VIDYALAYAM
10099,POONAKARY SRI VIKNESWARA VIDI
10100,KALLARU TAMIL VID
10101,VIVEHANANTHA VIDYALAYAM
10102,KILINOCHCHI CENTRAL PRIMARY VIDYALAYAM
10103,AKKARAYAN PRIMARY VIDYALAYAM
10104,MURUGANANTHA PRIMARY VIDYALAYAM
10105,MULANGAVIL PRIMARY VIDYALAYAM
10106,THIRUVALLUVAR VIDYALAYAM
10107,AMBIKAI VIDYALAYAM
10108,ANNAI SARATHATHEVI VIDYALAYAM
10109,PALLAI HINDU PRIMARY VIDYALAYAM
10110,RAMAKRISHNA VIDYALAYAM
10111,VADDAKKACHCHI PRIMARY VID
10112,KONAVIL GANDHI PRIMARY VID
11001,SITHYVINAYAGAR HINDU COLLEGE
11002,ST XAVIERS BOYS M.M.V.
11003,ST XAVIERS GIRLS COLLEGE
11006,ILAHADIPIDDY R C T M S
11007,UYILANKULAM R.C.T.M.S.
11008,UYIRTHARASANKULAM R C T M S
11010,ST.JOSEPH MAHA VIDYALAYAM
11011,ST LUCIAS M V
11012,ST. MOTHER THERESA ROMAN CATHOLIC TAMIL MIXED SCHOOL
11013,OLAITHODUVAI R C T M S
11014,KADDUKARANKUDIYIRUPPU R C T M S
11015,ST LAWRENCE R C T M S
11016,TALAIMANNAR PIER R C T M S
11017,THULLUKUDIYIRUPPU R C T M S
11018,NARUVILIKULAM G T M S
11019,NOCHCHIKULAM R C T M S
11020,PUTHUKKAMAM G T M S
11021,ST MARYS GIRLS VIDYALAYAM
11022,VANCHIYANKULAM R C T M S
11024,ERUKKALAMPIDDY MUS. M M V
11025,AL-AZHAR M V
11026,AL-MINA M V
11027,ERUKKALAMPIDDY MAHALIR M V
11028,MN / AL-HIRA MAHA VIDYALAYAM
11029,KARISAL R.C.T.M.S.
11030,ERUKKALAMPIDDY EAST G M M S
11031,SIRUTHOPPU R C T M S
11032,TALAIMANNAR PIER G M M S
11035,MUSALI MAHA VIDYALAYAM
11036,ARIPPU R C T M S
11037,MAVILANKERNY R C T M S
11038,MULLIKULAM R C T M S
11039,SIVARAJA HINDU VIDYALAYAM
11040,PANDARAVELI MUSLIM MAHA VIDYALAYAM
11042,VEPPANKULAM MUSILM MAHA VIDYALAYAM
11043,CHILAWATHURAI MUSILM MAHA VIDYALAYAM
11044,ST.SEBASTIAN R C T M S
11045,PUTHUVELI GH M M S
11047,ACHCHANKULAM G T M S
11048,ALAWAKKAI G T M S
11049,ISAIMALAITHALVU R C T M S
11050,KATKIDANTHAKULAM R C T M S
11051,KOKKUPADAYAN R C T M S
11052,SIRUKKANDAL R C T M S
11053,PARIKARIKANDAL G T M S
11054,ST. LOURDS MAHA VIDYALAYAM
11055,PERIYAMURIPPU G.T.M.S.
11056,PONTHIVUKANDAL R C T M S
11057,MARUTHAMADHU G T M S
11058,VALKAIPPADDANDANDAL R C T M S
11059,AHATHIMURIPPU G M M S
11060,KARADIKULI G M M S
11061,KONDACHCHI MUSLIM MAHA VIDYALAYAM
11062,PALAIKULI G M M S
11063,PERIYAPULLACHI POTKERNY G M M S
11064,ILANTHAIMODDAI G M M S
11065,NOCHCHIKULAM HIJRA G M M S
11066,IRANAI ILUPPAIKULAM G.T.M.S.
11067,SINNAVALAYANKADDU G.T.M.S.
11068,VILATHIKULAM G.T.M.S.
11070,ALIGAR VIDYALAYAM
11072,SINNAPANDIVIRICHCHAN G.T.M.S.
11074,ANDANKULAM ROMAN CATHOLIC TAMIL MAHA VID
11075,ILLUPPAIKKADAVAI TAMIL MAHA VIDYALAYAM
11076,KARUNKANDAL R.C.T.M.V.
11077,THADCHANAMARUTHAMADHU MAHA VID
11079,PARAPPANKANDAL R.C.T.M.S.
11080,VADDAKANDAL G.T.M.S.
11081,THUYAJOSEPH VAZ M.V.
11082,KADDAIYADAMPAN ROMAN CATHOLIC TAMIL MAHA VID
11083,THIRUKETHEESWARAM H.B.T.M.S.
11084,ADAMPAN R.C.T.M.S.
11086,KALLIYADY G.T.M.S.
11087,KOVILKULAM G.T.M.S.
11088,GOWRIAMBAL G T M S
11090,PARAPPUKADANTHAN G.T.M.S.
11091,PAPAMODDAI R.C.T.M. S.
11092,PALAMPIDDY G.T.M.S.
11093,PALAIKULY R.C.T.M.S.
11094,PALAIYADI PUTHU KULAM R.C.T.M.S.
11095,MARATHY KANNADDY R.C.T.M.S.
11096,VELLANKULAM G.T.M.S.
11097,MARUTHONDUVAN VELAKULAM G.T.M.S.
11099,SORNAPURI G.M.M.S.
11100,MINUKKAN G.M.M.S.
11101,KEERISUDDAN G.T.M.S.
11105,KOORAI G.T.M.S.
11106,MULLIKKULAM G.T.M.S.
11107,MALIHAIPIDDY G T M S
11108,CHEDDIYARKADDAIADAMPAN G T M S
11109,MOONRAMPIDDY G.T.M.S.
11116,THODDAVELI G T M S
11117,MADHUKKARAI G T M S
11118,SANTHIPURAM G T M S
11119,SAVERIYARPURAM R C T M S
11120,RIZWAN GMM SCHOOL
11121,ABDEEN GOVERNMENT MUSLIM MIX SCHOOL
11122,ANSARI G M M S
11123,HASBAN GMMS
11124,IYOOB GMM SCHOOL
11125,RISHAD BATHIUDEEN .M.V.
11126,ST. ANNES PRIMARY SCHOOL
11127,MURUNKAN PRIMARY SCHOOL
11128,POONOCHCHIKULAM G.M.M.S.
11130,PERIYAMADHU EAST G.M.M.S.
11131,EACHCHALAVAKKAI G.T.M.S.
11132,ANTHONIYARPURAM A.M.T.M.SCHOOL
11133,KAKAIYANKULAM G.M.T.M.S.
11134,AL MATHEENA G.M.T.M.S.
11135,PERIYAMADHU PRIMARY SCHOOL
11136,KOOLANKULAM G M M S
11137,KAYAKULI R C T SCHOOL
11138,PERIYAPANDIVIRICHCHAN PRIMARY SCHOOL
11139,PANNAVEDDUVAN G T M S
11140,NANATTAN PRIMARY SCHOOL
11141,AL RIMSA G MMS
11142,KARMAL NAGAR R C T M S
11144,THEVANPITTY PRIMARY SCHOOL
11145,IKRA PRIMARAY SCHOOL
11146,AL-JASIM MAHA VIDYALAYAM
11147,ZAHIRA GMM SCHOOL
11148,UNIS FAROOK GMM SCHOOL
11149,BATHIUDEEN GMM SCHOOL
11151,ALAVUTHEEN GMM SCHOOL
11153,THAMPANAIKULAM G.T.M.S
11154,POOMALARNTHAAN PRIMARY SCHOOL
11155,KANESAPURAM PRIMARY SCHOOL
12004,THANNIYURU MUSLIM MAHA VIDYALAYAM
12005,CEMMALAI MAHA VID.
12006,AMPALAVANPOKKANAI M.V.
12007,KUMULAMUNAI MAHA VID
12008,MULLIVAIKAL WEST K. V.
12009,PUTHUKKUDIYIRUPPU.R.C.VID.
12010,VATTAPPALAI MAHA VID.
12011,ALAMPIL.R.C.VID.
12012,MULLAITIVU MUSLIM VID.
12013,ALAIKALLUPOODDAKULAM G.T.M.S.
12014,ANANTHAPURAM.G.T.MS
12015,IRANAIPALAI.R.C.MAHA VID.
12016,KALLAPPADU G.T.M.S.
12017,KEPPAPILAVU G.T.M.S.
12018,MAMADU PALAMPASI G T M S
12019,MATHALAN R.C.T.M.S.
12020,MULLAITIVU R.C.GIRLS SCHOOL
12021,MULLAITIVU HINDUBOARD TAMIL MIXED S
12022,MULLIYAWALAI TAMIL VIDYALAYAM
12023,KALAIMAHAL VIDYALAYAM
12024,MULLIYAWALAI.R.C.T.M.S
12025,PERIYAITHTHIMADU G.T.M.S.
12026,SRI SUBRAMANIYA VID
12027,CHILAWATHAI TAMIL VIDYALAYAM
12029,SUTHANTHIRAPURAM TAMIL MAHA VID
12030,THANDUVAN G T M S
12031,THANNIYUTU .C.C.T.M.S
12032,THANEEROOTU H.B.T.M.S.
12033,THANNIMURIPPU G.T.M.S.
12034,THEVIPURAM.G.T.M.S
12036,VALAIYANMADAM G.T.M.S.
12037,VEDDUVAIKKAL G.T.M.S.
12038,MULLIVAIKKAL EAST G.T.M.S.
12040,OTHIYAMALAI G.T.M.S.
12041,VALLIPUNAM MAHA VIDYALAYAM
12043,BARATHY MAHA VIDYALAYAM
12044,AARUMUHATHTHANKULAM G.T.M.S.
12045,KOMBAVIL VIGNESWARA VID.
12050,NADDANKANDAL G.T.M.S.
12053,KARIPPADDAMURIPPU G.T.M.S.
12054,OLUMADU TAMIL VIDYALAM
12055,PANDARAVANNIYAN MAHA VIDYALAYAM
12057,KOLLAVILANKULAM G.T.M.S.
12058,SIRADDIKULAM G.T.M.S.
12059,PANANKAMAM MOONRUMURIPPU G.T.M.S.
12060,PANANKAMAM POOVARASANKULAM G.T.M.S
12061,MOONRUMURIPPU G.T.M.S.
12062,VAVUNIKKULAM CENTRAL SULUSU G.T.M.S.
12063,VANNIVILANKULAM G.T.M.S.
12064,AMPAKAMAM G T M S
12065,KARUVALANKANDAL G T M S
12066,KATHALIYAR SAMALANKULAM G.T.M.S.
12067,KOOLAMURIPPU G.T.M.S.
12068,MUTHTHAIYANKADDU LEFT BANK G.T.M.S.
12069,PULUMACHCHINATHAKULAM G.T.M.S.
12070,ODDUSUDDAN H T M S
12071,PANIKKANKULAM G.T.M.S
12072,PERIYAPULIYANKULAM G.T.M.S.
12073,KALVILANKULAM MAHA VIDYALAYAM
12074,ALANKULAM GTMS
12075,ANINCHAYANULAM TAMIL MIXED VID
12076,PALAYAMURIKANDY GTMS
12077,PUTHTHUVEDDUVAN GTMS
12078,THENNIYANKULAM GTMS
12079,THUNUKKAI GTMS
12080,UYILANKULAM GTMS
12081,THIRUNAGAR TAMIL VIDIYALAYAM
12082,AMPALAPERUMALKULAM GTMS
12083,KODDAIKADDIYAKULAM MAHA VID
12084,VINAYAGAPURAM G.T.M.S.
12085,MANNAKANDAL.G.T.M.S
12086,THIRUMURIKANDY HINDU VIDDIYALAYAM
12088,KOKKUTHTHODUVAI MAHA VIDYALAYAM
12089,KOKKULAI G.T.M.S
12091,KAIVELY KANESHA VID.
12092,KARUNADDUKKENY G.T.M.S.
12093,VENAVIL SRI MURUGANANDA VID.
12094,UDUPPUKKULAM TAMIL VID
12095,AROKKIYAPURAM TAMIL V.
12096,THERANKANDAL GTMS
12097,AMAITHIPURAM TAMIL VIDYALAYAM
12098,PONNAGAR TAMIL VID
12099,AMPALPURAM TAMIL VIDYALAYAM
12101,UNNAPPILAVU T.V.
12102,PALAIPPANI TAMIL VIDYALAYAM
12103,MANTHUVIL ARASARATNAM VID.
12104,IYANKANKULAM MAHA VIDYALAYAM
12105,KURAVIL TAMIL VID.
12106,IRUDDUMADU TAMIL VID.
12107,THERAVIL TAMIL VID
12108,NETHALIYARU TAMIL VID
12109,SIVANAGAR TAMIL VID
12110,PERARU TAMIL VID
12111,MURIPPU TAMIL VID.
12112,PANDIYANKULAM PRIMARY SCHOOL
12113,MAYILVAHANAM TAMIL VID
12114,ARUMUGAM VID
12115,EASWARAN VID
12116,MUTHTHUVINAYAGAR TAMIL VIDIYALAYAM
12117,SHANMUGARATNAM VIDIYALAYAM
12118,UDAYARKADDU.G.T.M.S
12119,VISUVANATHAR PRIMARY SCHOOL
12120,KUMARASAMY VIDYALAYAM
12121,MOONKILAARU PRIMARY SCHOOL
12124,THIMPILY PRIMARY SCHOOL
12125,YOGAPURAM PRIMARY SCHOOL
13001,RAMBAIKULAM GIRLS M.V
13002,VAVUNIYA TAMIL MADHIYA MAHA VIDYALAYAM
13003,OMANTHI CENTRAL COLLEGE
13004,VAVUNIYA MUSLIM MAHA VIDYALAYAM
13005,VAVUNIYA HINDU COLLEGE
13006,NELUKKULAM KALAIMAGAL M.V.
13007,VAVUNIYA VIPULANANTHA COLLEGE
13008,VAVUNIYA PERIYAKOMARASANKULAM M.V
13009,PUTHUKKULAM MAHA VID
13010,PRAMANDU VIDYALAYAM
13011,VAVUNIYA CHURCH OF CEYLON T.M.S.
13013,VELIKULAM JUNIOR HIGH SCHOOL
13014,CEMAMADU SHANMUKANANTHA M.V
13015,NOCHCHIMODDAI J.S.VID
13016,ASIKULAM GTMS
13017,KALMDU MAHA VIDY
13018,KATHARSINNAKULAM G.T.M.S.
13019,KARUNKALIKKULAM GTMS
13020,KALNAADDINAKULAM G.T.M.S
13021,KIDACHCHURI KARUVEPPANKULAM G.T.M.S
13022,KOOTHANDARNOCHCHIKULAM G. T. M. S.
13023,MARUKKARAMPALAI GTMS
13024,MOONRUMURIPPU G.T.M.S.
13025,POONTHODDAM MAHA VIDYALAYAM
13027,SAMALANKULAM GTMS
13028,THAVASIYAKULAM GTMS
13029,KALMADUKULAM UNIT II G.T.M.S
13030,KANTHAPURAM VANI VIDYALAYAM
13033,MARUTHODAY G.T.M.S.
13034,NOCHCHIKKULAM NO I JSV
13035,PUTHIYASINNSKULAM G.T.M. SCHOOL
13036,PARANNADDAKAL GTMS
13038,NEDUNKENY MAHA VIDDIYALAYAM
13039,MATHARPANIKKAR MAHILANKULAM JSV
13041,KULAVISUDDAN GTMS
13042,VIKNESWARA MAHA VIDDIYALAYAM
13043,SINNADAMPAN BARATHY VIDDIYALAYAM
13044,MARAVILUPPAI GTMS
13045,PADDIKKUDIYIRUPPU GTMS
13048,KOVILKUNCHCHUKULAM GTMS
13049,KONTHAKKARANKULAM GTMS
13050,MARAIYADITHTHAKULAM GTMS
13051,MANNAKULAM GTMS
13052,PANTRIKETHAKULAM GTMS
13053,PALAMODDAI GTMS
13054,PALAYAWADY GTMS
13057,VEDARMAKILANKULAM GTMS
13058,AYILADY GTMS
13059,ANANTHARPULIYANKULAM GTMS
13060,KARAPPUKKUTHTHI GTMS
13061,KATKULAM GTMS
13063,MATHIYAMADU VIVEKANANTHA VIDYALAYAM
13064,NAINAMADU GTMS
13066,PERIYAMADHU GTMS
13067,NEDUNKENY MARUTHODAI GTMS
13069,VELANKULAM GTMS
13070,PADDADAIPIRINTHAKULAM GTMS
13071,OLUMADU TAMIL MAHA VIDYALAYAM
13073,PAVATKULAM GANESWARA MAHA VIDYALAYAM
13074,AL-AKSA MAHA VIDYALAYAM
13075,PAVATKULAM M.V
13076,PAVATKULAM STAGE 3 NO 9 JUNIOR HIGH SCHOOL
13077,PERIYATHAMBANI G.T.M.S
13079,ANDIYAPULIYANKULAM G.M.M.S
13080,AL-HAMIYA MAHA VIDYALAYAM
13082,AL - AMEEN MUS M.V
13083,CHEKKADDIPULAVU G.T.M.S
13084,KIRISTOKULAM G.T.M.S
13085,ADDAIKALA ANNAI VIDYALAYAM
13086,EYANKARAVOOR G T M S
13088,KOVILPULIYANKULAM MUTHTAMIL VID
13090,KURUKKALPUTHUKKULAM GTMS
13091,MUHATHANKULAM G.T.M.S
13092,MUTHALIYARKULAM R C T M S
13094,NOCHCHIKULAM RCTMS
13096,PAVATKULAM KALAIMAGAL VIDYALAYAM
13099,RAJENDERAMKULAM G.T.M.S
13101,ARAFA VIDYALAYAM
13102,DHARUL ULOOM MUSLIM MAHA VIDYALAYAM
13103,ANAIVILUNTHAN G.M.M.S
13104,MADUKKULAM NAYAJOTHI VIDYALAYAM
13106,KANTHASAMYNAKAR VIPULANANTHA VID
13107,VEERAMANIKKAM THIRUMAHAL VIDYALAYAM
13108,ANPUPURAM NAMAGAL VIDYALAYAM
13130,NOCHCHIKULAM MUTHTHUMARY VIDYALAYAM
13131,PERIYAKULAM GTMS
13132,ALANKULAM MURUGANANTHA VIDYALAYAM
13133,VINGNAKULAM NAVARATNAM VIDYALAYAM
13134,SELVAVINAYAGAR VIDYALAYAM
13135,KURISUDDAKULAM GTMS
13136,SENAIPPULAVU UMAIYAL VIDYALAYAM
13139,PIRAMANALANKULAM VIGNESWARA VID
13140,NEELIYAMODDAI SARASWATHY VID
13141,GANESHAPURAM SHANMUGANANTHA VID
13144,NITHTHIYANAGAR LOGESWARA VID
13145,MANIYARKULAM VIDYANAADHA VIDYALAYAM
13146,MUHATHTHANKULAM VIGNEEWARA VID
13147,KANKANKULAM SRISUPRAMANIYA VID
13148,KATKARANKULAM ILANGO VIDYALAYAM
13150,VEERAPURAM MANIVASAKAR M.V.
13151,ARUVITHODDAM SIVANANTHA VIDIYALAYAM
13152,POOSANIPITTITHAYUMANAVAR VIDYALAYAM
13153,KALLARU SRI SITHY VINAYAGAR VIDYALAYAM
13154,MAHARAMBAIKULAM G.T.M.S
13155,MADEENA VIDYALAYAM
13156,THAMPANAICHOLAI KETHEESWARA VID
13157,KARUMPANICHANKULAM G.T.M.S
13159,ANANAGAR PARAMESWARA VIDYALAYAM
13160,MURUGANOOR SARATHA VID
13161,PARASAKTHY VIDYALAYAM
13162,SITHY VINAYAGAR VIDYALAYAM
13163,POOMPUKAR KANNAKI VID
13164,SUNTHARAPURAM GTMS
13165,VINAYAGAR VIDYALAYAM
13166,KATPAKAPURAM G.T.M.S
13167,ANANTHAKUMARASAMI VID
13170,VILATHTHIKKULAM SITHAMPARAM VID
13173,MANIKKAILUPPAILULAM GTMS
13174,BARADI VIDYALAYAM
13175,SIVAPURAM PRIMARY SCHOOL
13176,THALIKULAM G.T.M.S
13177,ALAIKALLUPODAKULAM VERAMAMUNIVAR VID
13178,SENGATPADAI THIRUKKUMARN VIDYALAYAM
13181,PUTHUKULAM PANDITHAMANI KANAPATHIPPILLAI VID
13182,KOLLAPULIYANKULAM SRIRAMAKRISHNA VID
13183,THANINAYAGAM ADIKALAR VIDYALAYAM
13184,KUNCHUKULAM PANDARAVANNYYAN VID
13186,VAVUNIYA SRI NAGARAJAH VIDYALAYAM
13187,SINNATHTHAMPANAI SRI KRISHNA VID
13194,THIRUVALUVAR VID
13196,MARAVANKULAM BARATHIDASAN VID
13197,SUNTHARAPURAMSARASWATHY VID
13198,PUTHUKULAM JUNIOR SCHOOL
13200,RISHAD BATHIUDEEN MUSLIM VIDYALAYAM
13201,SAIVAPRAGASHA PRIMARY SCHOOL
13202,KANAGARAYANKULAM PRIMARY VIDYALAYAM
13204,POOVARASU PRIMARY SCHOOL
13205,PULIYANKULAM PRIMARY SCHOOL
13206,THARANIKKULAM PRIMARY SCHOOL
13207,AAYSHA VIDYALAYAM
14002,KPALCHENAI TAMIL MAHA VIDYALAYAM
14003,KKADDUMURIVUKULAM GTMS
14004,KVAMMIVADDAWAN VIDYALAYAM
14005,KKANDALADY ARUNTHATHY VIDYALAYAM
14006,KVAKARAI MAHA VIDYALAYAM
14007,KURIYANKADDU GTMS
14008,KPANICHANKERNY THIRUMAHAL VIDYALAYAM
14009,KMANKERNY RCTMS
14010,KKAYANKERNY SARASWATHY VIDYALAYAM
14011,KVADDAWAN KALAIMAGAL VIDYALAYAM
14012,KALANKULAM GTMS
14013,KPUNANAI GTMS
14014,MEERAVODAI AMEER ALI VIDYALAYAM
14015,KVAHANERY KOKULAM VIDYALAYAM
14016,KAWATHAMUNAI AL-AMEEN VIDYALAYAM
14017,THIYAVATTAVAN ARAFA VIDYALAYAM
14019,SEMMANODAI AL-HAMRA VIDYALAYAM
14021,BRAINTHURAICHENAI AZHAR VIDYALAYAM
14023,ODDAMAVADI HIJRA VIDYALAYAM
14024,KVEERANAGAR GTMS
14025,KMURAVODAI SHAKTHI VIDYALAYAM
14026,KKINNAIYADY SARESWATHY VIDYALAYAM 
14027,KSUNGANKERNY GTMS
14028,KKALMADU VIVEGANANDA VIDYALAYAM
14030,KKALKUDAH NAMAGAL COLLEGE
14033,KPUTHUKKUDIYIRUPPU VANI VIDYALAYAM
14034,KNASIVANTHIVU SIVA VIDYALAYAM
14035,KVEMBU GTMS
14037,KKIRAN VIVEKANANDA VIDYALAYAM
14038,KPOOLAKKADU GTMS
14039,KKORAKALLIMADU SRI RAMANA MAHARISHI VID
14041,KTHIKILIVEDDAI GTMS
14042,KPALAIYADITHONA SRI MURUGAN VIDYALAYAM
14043,KDEVAPURAM GAJAMUGAN VIDYALAYAM
14044,KMURAKKODDANCHENAI RAMA KIRISHNA M VID
14046,KSITTANDY SITHY VINAYAGAR VIDYALAYAM
14047,KSITTANDY SRI RAMAKRISHNA  VIDYALAYAM
14048,KERALAKULAM GTMS
14049,KMAVADIVEMBU VIGNESWARA VIDYALAYAM
14051,KVANTHARUMOOLAI GANESHA VIDYALAYAM
14052,KVEERAKKADDU MYLAVADDAVAN VIDYALAYAM
14053,KKALUWANKERNY VIVEKANANTHA VIDYALAYAM
14054,KKOMMATHURAI VINAYAGAR VIDYALAYAM
14055,KCHENKALADY CENTRAL COLLEGE
14056,KODUWAMADU SHAKTHI VIDYALAYAM
14057,ILLUPADICHENAI AMBAL VID
14058,PANKUDAVELY R.C.T.M.S.
14059,VEPPAVEDDUWAN G.T.M.S.
14060,ERAVUR TAMIL MAHA VIDYALAYAM
14061,ERAVUR VIPULANANDHA VIDYALAYAM
14063,MARAPALAM G.T.M.S.
14064,KITHUL SRI KRISHNA MAHA VIDYALAYAM
14065,RUGAM AL-AMAN VIDYALAYAM
14066,RUGAM SARASWATHY VIDYALAYAM
14067,KOPPAVELY G.T.M.S.
14068,WELIKAKANDY VIPULANANDA VIDYALAYAM
14069,PERIYAPULLUMALAI R.C.T.M.S.
14071,NARIPULTHODDAM NADESWARA TAMIL VIDYALAYAM
14072,NELLUR KALAIMAGAL VID
14073,AITHIYAMALAI G.T.M.S.
14075,UNNICHCHAI 6TH MILE POST G.T.M.S.
14076,UNNICHCHAI 8TH MILE POST G.T.M.S.
14077,IRUNOORUVIL G.T.M.S.
14079,PAVATKODICHCHENAI VINAYAGER VIDYALAYAM
14080,PANCHENAI PARI VIDYALAYAM
14082,AL JUFFRIYA VIDYALAYAM
14083,AL MUNEERA BALIKA MAHA VIDYALAYAM
14084,DR.AHAMED FAREED VIDYALAYAM
14085,MICH NAGAR ILMA VIDYALAYAM
14086,THALAWAI VIGNESWARA VIDYALAYAM
14088,ARAFA VIDYALAYAM
14089,AL AZHAR GIRLS HIGH SCHOOL
14092,IYANKERNI TAMIL VIDYALAYAM
14093,MYLAMBAVELY SRI VIGNESWARA VIDYALAYAM
14094,ST. JOSEPH COLLEGE
14095,PULIYADIMUNAI G.T.M.S.
14096,PILLAIYARADY NALLAIAH VIDYALAYAM
14097,KOKKUVIL VIGNESWARA VIDYALAYAM
14098,NAVATKERNY SRI KANAKI VIDYALAYAM
14099,PALAMEENMADU VIGNESWARA VIDYALAYAM
14100,AMIRTHAKALY SRI SITHY VINAYAGAR MAHA VIDYALAYAM
14101,SRI MAMANGESWARAR VIDYALAYAM
14102,URANI SARASWATHY VIDYALAYAM
14103,KARUVEPPANKERNY VIPULANANDA COLLEGE 
14105,JOSEPH VAZ VIDYALAYAM
14106,HINDU COLLEGE
14107,KODDAIMUNAI KANISHTA VIDYALAYAM
14109,ARUNOTHAYA VIDYALAYAM
14110,THIRUPPERUNTHURAI SRI MURUGAN VIDYALAYAM
14111,ST. THERESA'S GIRLS VIDYALAYAM
14112,ST. SEBASTIAN TAMIL VIDYALAYAM
14114,"ARASADIPPILAIYAR KOVIL ROAD, WARD SIX KANISTA VIDYALAYAM"
14115,VINCENT GIRLS HIGH SCHOOL
14116,METHODIST CENTRAL COLLEGE
14117,ST. MICHAEL'S COLLEGE 
14118,ST. CECILIA'S GIRLS COLLEGE
14119,ANAIPANTHY HINDU LADIES COLLEGE
14120,PUTHUR VIGNESWARA VIDYALAYAM
14121,PUNITHA ANNAMAL TAMIL VIDYALAYAM
14122,VALAIYIRAVU M.M.T.M.S.
14123,NAVALADY NAMAGAL VIDYALAYAM
14124,PUTHUMUGATHUVARAM ST. IGNATIUS VIDYALAYAM
14125,KALLADY MUGATHUVARAM  VIPULANANDA VIDYALAYAM
14126,KALLADY VELUR SRISAKTHI VIDYALAYAM
14127,KALLADY VINAYAGAR VIDYALAYAM
14128,VIVEKANANDA LADIES COLLEGE
14129,SHIVANANDA VIDYALAYAM
14130,AL-IQBAL VIDYALAYAM
14131,NAVATKUDAH THARMARETNAM  VIDYALAYAM
14133,MANCHANTHODUWAI BARATHI VIDYALAYAM
14134,MANCHANTHODUWAI SARATHA VIDYALAYAM
14135,POONOCHCHIMUNAI IQRAH VIDYALAYAM
14136,HUSSAINIYA VIDYALAYAM
14138,ZAVIYA MAHALIR VIDYALAYAM
14139,HILURIYA VIDYALAYAM
14140,METHAIPALLI VIDYALAYAM
14141,MILLATH GIRLS HIGH SCHOOL
14142,BATHURIYA VIDYALAYAM
14144,NOORANIYA VIDYALAYAM
14147,MEERA BALIKA MAHA VIDYALAYAM
14148,ARAIPATTAI SUBRAMANIYAM  VIDYALAYAM
14149,ARAIPATTAI NOTARY MOOTHATHAMBY VIDYALAYAM
14150,ARAYAMPATHY RAMA KIRISHNA MISSION MAHA VIDYALAYAM
14152,KANKEYANODAI AL-AQSHA MAHA VIDYALAYAM
14153,KOVILKULAM VINAYAGAR VIDYALAYAM
14154,OLLIKKULAM  AL-HAMRA VIDYALAYAM
14155,MAVILANGATHURAI VIGNESWARA VIDYALAYAM
14156,PALAMUNAI  ALIGHAR VIDYALAYAM
14157,THALANKUDAH R.C.T.M.S.
14158,THALANKUDAH SRI VINAYAGAR VIDYALAYAM
14159,PUTHUKKUDIRUPPU KANNAKI MAHA VIDYALAYAM
14160,KURINCHAMUNAI SHAKTHI VIDYALAYAM
14162,THANDIYADI G.T.M.S.
14163,MANDAPATHADY G.T.M.S.
14164,KARAYAKANTHIVU GANESHAR VIDYALAYAM
14165,KOTHIYAPULAI KALAIVANI VIDYALAYAM
14166,VAVUNATHIVU PARAMESWARA VIDYALAYAM
14167,MANKIKADDU G.T.M.S.
14168,EACHANTHIVU RKM TAMIL VIDYALAYAM
14170,VILAWADDAVAN VINAYAGER VIDYALAYAM
14171,KARAVEDY SOUTH G.T.M.S.
14173,KIRANKULAM SARASWATHY VIDYALAYAM
14174,MANIPURAM VIGNESWARA VIDYALAYAM
14175,KURUKKALMADAM KALAIVANI MAHA VIDYALAYAM
14176,CHEDDIPALAYAM MAHA VIDYALAYAM
14177,MANKADU SARASWATHY VIDYALAYAM
14178,THETTATIVU MAHA VIDYALAYAM
14179,THETTATIVU SIVAKALAI VIDYALAYAM
14181,KALUTHAWALAI RAMAKRISHNA  VIDYALAYAM
14182,KALUTHAWALAI GANESHA VIDYALAYAM
14183,KALUWANCHIKUDY SARASWATHY VIDYALAYAM
14184,KALUWANCHIKUDY VINAYAKAR VIDYALAYAM
14185,PADDIRUPPU MADYA MAHA VIDYALAYAM
14186,ERUVIL KANNAKI MAHA VIDYALAYAM
14187,KODAIMEDU NAVA SAKTHI VIDYALAYAM
14190,MAHILOOR SARASWATHY MAHA VIDYALAYAM
14191,MAHILOORMUNAI SAKTHY VIDYALAYAM
14192,ONTHACHIMADAM SRI VINAYAGAR VIDYALAYAM
14193,KALMUNTHAL THIRUVALLUVAR VIDYALAYAM
14194,KODDAIKALLAR MAHA VIDYALAYAM
14195,KODDAIKALLAR KANNAKI VIDYALAYAM
14196,PERIYAKALLAR M.M.T.M.S.
14197,PERIYA KALLAR PUNITHA ARULANANDAR  VIDYALAYAM
14198,PERIYAKALLAR VINAYAGAR VIDYALAYAM
14199,PERIYAKALLAR M.M.T.G.S.
14201,UTHAYAPURAM TAMIL VIDYALAYAM
14202,THURAINEELAVANAI M.M.T.M.S.
14204,KALUTHAVALAI VIPULANANDA  VIDYALAYAM
14205,THURAINEELAVANAI VIPULANANDA VIDYALAYAM
14206,PULAVARMANI PERIYATHAMBIPILLAI  VIDYALAYAM
14207,KANNAKIPURAM VINAYAGAR VIDYALAYAM
14208,KALUTHAWALAI VIVEKANANDA VIDYALAYAM
14209,KALUWANCHIKUDY MARIYAMMAN VIDYALAYAM
14210,THURAINEELAVANAI SITHY VINAYAGAR VIDYALAYAM
14211,KURUMANVELY KANISTA VIDYALAYAM
14212,KALUTHAVALAI VIGNESHWARA VID
14213,VELLAVELI KALAIMAGAL MAHA VIDYALAYAM
14214,THIRUKKONRAIMUNMARY G.T.M.S.
14215,SINNAWATTI G.T.M.S.
14216,MANDUR 35 KANNAN VIDYALAYAM
14217,MANDUR-37 NAVAGIRI VIDYALAYAM
14218,KAKKACHIVADDAI VISHNU VIDYALAYAM
14220,ANAIKADDIYAVELLY NAMAGAL VIDYALAYAM
14221,PUTHUMUMARISOLAI SAKTHY VIDYALAYAM
14222,MANDUR SRI RAMA KIRISHNA  VIDYALAYAM
14223,MANDUR MAHA VIDYALAYAM
14224,THAMPALAWATHAI GANESHA VIDYALAYAM
14225,PALAMUNAI BALAMURUGAN VID.
14226,MANDUR-13 VIGNESWARA VIDYALAYAM
14227,MANDUR-14  SHAKTHI MAHA VIDYALAYAM
14228,MANDUR-16 G.T.M.S.
14229,KATCHENAI G.T.M.S.
14230,MALAYARKADDU G.T.M.S.
14231,PERIYAPORATIVU BARATHY VIDYALAYAM
14232,MUNAITIVU SAKTHI MAHA VIDYALAYAM
14233,KOVILPORATIVU VIVEKANANDA VIDYALAYAM
14234,PILALIVEMBU VANI TAMIL VIDYALAYAM
14235,MAVADIMUNMARY G.T.M.S.
14236,MUNAIKADU VIVEKANANTHA VIDYALAYAM
14239,MAHILADITIVU SARASWATHY MAHA VIDYALAYAM
14240,PANDARIYAVELY NAMAGAL VIDYALAYAM
14241,PADAIYANDAVELY G.T.M.S.
14242,PADDIPALAI G.T.M.S.
14243,ARASADITHIVU VIGNESWARA MAHA VIDYALAYAM
14244,KOKKADDICHOLAI R.K.M MAHA VIDYALAYAM
14245,KADUKKAMUNAI VANI VIDYALAYAM
14246,KANKEYANODAI  HISBULLAH VIDYALAYAM
14247,SELVANAGAR SIVAA VIDYALAYAM
14248,KARBALA AL-MANAR VIDYALAYAM
14249,NATPATHUVADDAI VIPULANANTHA VIDYALAYAM
14250,KOLLANULAI VIVEKANANTHA VIDYALAYAM
14251,KMATHURANKERNYKULAM GTMS
14252,KKIRIMICHODAI GTMS
14253,KVINAYAGAR KIRAMAM ALAIMAHAL VIDYALAYAM
14254,KPERIYAVADDAVAN KANNAKI VIDYALAYAM
14255,KPERUMAVELI SRI VAANI VIDYALAYAM
14256,KORUMULAICHOLAI SITHY VINAYAGAR VIDYALAYAM
14257,KUTHAYANMOOLAI VIVEKANANTHA VIDYALAYAM
14258,KILLUKKUPOTHANAI MALAIMAHAL VIDYALAYAM
14259,SAVUKKADY BHARATHY VIDYALAYAM
14260,KKUMARAVELIYAR KIRAMAM SITHY VINAYAGAR VID
14264,KVANTHARUMOOLAI KANNAKI VIDYALAYAM
14265,KAYANMADU SARASWATHY VIDYALAYAM
14266,IRIDDUCHOLAIMADU VISHNU VIDYALAYAM
14267,MADDIKALY TAMIL VIDYALAYAM
14268,THIRAIMADU TAMIL VIDYALAYAM
14269,MOHAIDEEN VIDYALAYAM
14271,KKARUNKALICHOOLAI SRI KRISHNA VIDYALAYAM
14273,KVINAYAGAPURAM VINAYAGAR VIDYALAYAM
14274,KKORALANKENY THIRUMAHAL VIDYALAYAM
14275,KPARANKIYAMADU BHARATHY VIDYALAYAM
14276,KMURUKKANTHEEVU SIVA SHAKTHI VIDYALAYAM
14277,KPULIPAINTHAKAL GTMS
14278,KKUDUMBIMALAI KUMARAN VIDYALAYAM
14279,KTHARAVAI SRI KALAIVANI VIDYALAYAM
14280,KSIRUTHENKAL SITHY VINAYAGAR VIDYALAYAM
14281,KMURUTHTHANAI SRI MURUGAN VIDYALAYAM
14282,KVADAMUNAI GTMS
14284,THIRUPPALUGAMAM VIPULANANDA  VIDYALAYAM
14286,MAVADICHENAI AL-IQBAL VIDYALAYAM
14287,MANCHOLAI AL HIRA VIDYALAYAM
14288,RIDITHENNA IQRAH VIDYALAYAM
14289,KERNYNAGAR MADEENA VIDYALAYAM
14290,BRAINTHURAICHENAI SATHULIYA VIDYALAYAM
14292,THUMBANKERNY KANNAKI VIDYALAYAM
14293,ANVAR VIDYALAYAM
14294,HAIRATH VIDYALAYAM
14295,FIRTHOUS VIDYALAYAM
14296,AL-HASANATH VIDYALAYAM
14297,IYENKERNY HISBULLAH VIDYALAYAM
14298,KMYLANKARACHAI MALAIMAGAL VIDYALAYAM
14300,PALAMUNAI ASHRAFF VIDYALAYAM
14301,ARAYAMPATHY SIVAMANI VIDYALAYAM
14302,KANKEYANODAI IQRAH VIDYALAYAM
14303,GANTHIPURAM KALAIMAGAL VIDYALAYAM
14304,THIKKODAI GANESHA VIDYALAYAM
14305,KPALACHOLAI VIPULANANDA VIDYALAYAM
14306,BADURIYANAGAR AL-MINA VIDYALAYAM
14307,VALAICHENAI Y.AHAMED VIDYALAYAM
14308,JEYANTHIYAYA AHAMED HIRAS VIDYALAYAM
14309,PALAKKADDUWEDDAI HISBULLAH VIDYALAYAM
14310,KPONDUGALCHENAI GANAPATHY VIDYALAYAM
14311,KKIRAN NEW COLANY SIVA VIDYALAYAM
14312,MYLAMBAVELY VIPULANANDA VIDYALAYAM
14313,THAMARAIKERNY ZAHIR MOULANA VIDYALAYAM
14314,KCHENKALADY VIVEKANANDA VIDYALAYAM
14315,KSINGARATHOPPU SARASWATHY VIDYALAYAM
14316,KAYANKUDAH KANNAKI VIDYALAYAM
14317,ERAVUR AL ASHRAF VIDYALAYAM
14318,IYANKERNY ABDUL CADER VIDYALAYAM
14319,NAVARETNARAJAH VIDYALAYAM
14320,VIDUTHIKKAL G.T.M.S.
14321,VALKADDU G.T.M.S.
14322,MANDUR-38 AGATHIYAR VIDYALAYAM
14323,THARMAPURAM THARMARETNAM VIDYALAYAM
14324,MANDUR 39 G.T.M.S.
14325,KAKITHANAGAR MILLATH VIDYALAYAM
14326,KANCHIRANKUDAH KAMADCHI VIDYALAYAM
14327,ASH SUHATHA VIDYALAYAM
14328,VAMMIYADI YUTTU VANI VIDYALAYAM (MANDUR 40 GTMS)
14329,KTHADDUMUNAI MANIKKA VINAYAGAR VIDYALAYAM
14330,MAVALIYARU KAILAN VIDYALAYAM
14331,KALUMUNTHAVELLY GAJAMUGAN VIDYALAYAM (KALUMUNTHAVELLY GTMS)
14332,KACHCHAKKODI SWAMIMALAI VIDYALAYAM
14333,KULUVINAMADU VINAYAGAR VIDYALAYAM
14334,KARAVEDDIYARU VIJITHA VIDYALAYAM
14335,MULLAMUNAI MURUGAN VIDYALAYAM
14336,KRALODAI VALLUVAR VIDYALAYAM
14337,KKOKUVIL TAMIL VIDYALAYAM
14338,ERAVUR AMEER ALI VIDYALAYAM
14339,MANCHANTHODUWAI AMEER ALI VIDYALAYAM
14420,AYSHA BALIKA MAHA VIDYALAYAM
14422,MUNAIKADU SARATHA VIDYALAYAM
14423,MUTHALAIKUDAH JUNIOR SCHOOL
14424,KKATHIRAVELY VIKNESWARA JUNIOR SCHOOL
14425,KOMADIYAMADU VELAMUGAN VIDYALAYAM
14426,KPETHALAI CHANDRAKANTHAN VIYALAYAM
14427,KAKKURANAI BHARATHY VIDYALAYAM
14428,KNEDIYAMADU GTMS
14429,KKARUWAKERNY VIGNESWARA JUNIOR SCHOOL
14430,KSANTHIVELY SITHY VINAYAGAR JUNIOR  SCHOOL
14431,KANANKUDAH KANNAHI VIDYALAYAM
14432,MAHILAWADDAWAN KANTHAPODI VIDYALAYAM
14433,KARADIYANARU HINDU VIDYALAYAM
14434,AMPILANTHURAI JUNIOR SCHOOL
14435,KUDIYIRUPU KANISTA VIDYALAYAM
14436,ODDAMAVADI SHARIEF ALI VIDYALAYAM
14437,MEERAVODAI UTHUMAN VIDYALAYAM
14438,RUGAM SUBAIR HAJIYAR VIDYALAYAM
14439,FATHIMA BALIKA VIDYALAYAM
14440,JAMIUL LAFIRIN VIDYALAYAM
14441,MAVETKUDAH VIGNESWARA VIDYALAYAM
14442,BASHEER SEGUDAWOOD VIDYALAYAM
14443,VILANTHODDAM G.T.M.S.
14444,SRI VELLIMALAI PILLAYAR G.T.M.S.
14445,ODDAMAVADY DHARUL ULOOM VID
14446,VALAICHENAI HAIRATH VID
14447,ODDAMAVADY ZAHIRA VID
14448,DR. BADI UD DIN MOHMOOD VIDYALAYAM
14449,NAVATKADU NAMAGAL KANISHTA VID
14450,NAVALADY KANISTA VIDYALAYAM
14451,KALASOORI VINAYAGAMOORTHY VID
14452,SWAMI AJARATHMANANTHAJI VIDYALAYAM
14453,KATTANKUDY DHARUSSALAM  VIDYALAYAM
14454,KIRANKULAM VISHNU VIDYALAYAM
14455,SIR RAZIK FAREED VIDYALAYAM
14456,SWAMI ATHMAKANANANTHA JEE VID
14457,KVALACHENAI HINDU JUNIOR SCHOOL
14458,SURAVANAIYADIYUTTU VINAYAKAR VIDYALAYAM
14459,ARAFA NAGAR MOHIDEEN ABDUL CADER VIDYALAYA 
14460,BT/BC/U.L.DAWOOD VIDYALAYAM
15162,AS-SIRAJ MAHA VIDYALAYAM
15163,AL-AQSHA VIDYALAYAM
15164,MAJEEDPURAM VIDYALAYAM
15165,MALLIGAITIVU G.T.M.S.
15166,AL-THAJUN VIDYALAYAM
15167,PUTHUNAGAR G.T.M.S.
15168,NAVITHANVELI ANNAMALAI MAHA VIDYALAYAM
15170,DHARUL ULOOM VIDYALAYAM
15171,CHAVALAKKADAI VINAYAGAR VIDYALAYAM
15172,SRI KORAKKAR TAMIL MAHA VIDYALAYAM
15173,MALKAMPIDDY GMMS
15175,GANESHA VIDYALAYAM
15176,VIVEKANANDHA MAHA VIDYALAYAM
15178,AL-MUNEER VIDYALAYAM
15179,DHARUSSALAM MAHA VIDYALAYAM
15180,MUSLIM MAHALIR VIDYALAYAM
15181,HOLY CROSS MAHA VIDYALAYAM
15182,VALATHAPIDDY G.T.M.S.
15183,VEERACHOLAI G.T.M.S.
15184,VEERAMUNAI RAMA KRUSHNA MAHA VIDYALAYAM
15185,VEERATHIDAL AL-HIDAYA MAHA VIDYALAYAM
15186,VEPPADITHODDAM VANI MAHA VIDYALAYAM
15187,SENNEL ZAHIRA MAHA VIDYALAYAM
15188,AL-ARSATH MAHA VIDYALAYAM
15189,CENTRAL CAMP G.M.M.S.
15190,GAZZALY MUSLIM VIDYALAYAM
15191,AL-HAMRA VIDYALAYAM
15192,AL-AMEER VIDYALAYAM
15193,"AL-MADHEENA VIDYALAYAM,SAMMANTHURAI"
15194,AETHALAKKULAM GMMS
15195,HIJRA MUSLIM VIDYALAYAM
15196,"AL-AZHAR VIDYALAYAM,SAMMANTHURAI"
15197,ARAFA VIDYALAYAM
15198,AS-SAMA VIDYALAYAM
15199,JAMALIYA VIDYALAYAM
15201,WESLEY HIGH SCHOOL
15202,CARMEL FATIMA COLLEGE
15204,AL-MANAR CENTRAL COLLEGE
15207,NATPITTIMUNAI AL-AKSHA MATHYA MAHA VIDYALAYAM
15208,RAMA KRISHNA MISSION MAHA VIDYALAYAM
15209,PERIYANEELAVANAI VISHNU MAHA VIDYALAYAM
15210,PULAVARMANI SHARIFUDEEN VIDYALAYAM
15211,AL-HAMBRA VIDYALAYAM
15212,AL-MINAN VIDYALAYAM
15213,PANDIRUPPU NAVALAR VIDYALAYAM
15214,SIVASAKTHY MAHA VIDYALAYAM
15215,GANESHA MAHA VIDYALAYAM
15216,SRI MAMANGA VIDYALAYAM
15217,VIVEKANANDA TAMIL VIDYALAYAM
15218,AL-BAHRIYA MAHA VIDYALAYAM
15219,AL-AZHAR VIDYALAYAM
15220,AZ-ZUHARA VIDYALAYAM
15221,AL-MISBAH VIDYALAYAM
15222,AL-JALAL VIDYALAYAM
15223,AL-KAMAROON VIDYALAYAM
15224,GOVT MUSLIM MIXED SCHOOL
15225,RIYALUL JANNA VIDYALAYAM
15226,MALHARUS SHAMS MAHA VIDYALAYAM
15227,AL-HILAL VIDYALAYAM
15228,SARASWATHY VIDYALAYAM
15229,THURAIVANTHIYAMEDU G.T.M.S.
15230,ISLAMABAATH MUSLIM MAHA VIDYALAYAM
15232,AAYESHA MUSLIM LADIES COLLEGE.
15236,AMUNAWWARA JUNIOR COLLEGE.
15237,AGOVT.MUSLIM BOYS VID.
15239,"AHIJRA VID, AKKARAIPATTU"
15240,"AAL-HITHAYA VID, AKKARAIPATTU"
15241,AAR-RAHEEMIYA VID.
15242,AKARADIKULAM RAHUMANIYA VID.
15243,ILUKKUCHENAI GMMS
15244,AAL-KAMAR VID
15245,KUDUVIL AL-HIRA VIDYALAYAM
15246,MANIKKAMADU G.T.M.S.
15247,AAS-SHIFAYA VID.
15249,AAL-MUNEERA GIRLS HIGH SCHOOL
15250,AARAFA VID.
15251,AZAHRA VID.
15252,AAN-NOOR MAHA VID.
15253,AAL-ARHAM VID.
15254,ADR.JALALDEEN VID.
15255,AMULLAITHEEVU AL-JEZEERA VID.
15256,AKATHIRIYA VID.
15257,ASHAMSUL ULOOM VID.
15258,AZAHIRA VID.
15259,AAL-FATHIMIYA VID.
15261,AILUKKUCHENAI AL-HUDHA VID.
15262,AAL-BADUR VID.
15263,AA.SEGU SIKKANTHAR OLIULLAH VID.
15268,AL-MAZHAR GIRLS HIGH SCHOOL
15269,SHANMUGA MAHA VIDYALAYAM
15270,RAMA KIRISHNA MISSION GIRLS VIDYALAYAM
15271,RAMA KIRISHNA MISSION BOYS SCHOOL
15272,AS-SAFA VIDYALAYAM
15273,KANAHI HINDU VIDYALAYAM
15274,VISHNU VIDYALAYAM
15275,VIGNESWARA VIDYALAYAM
15276,AL-ASHRAF MAHA VIDYALAYAM
15278,AL-MASLAM VIDYALAYAM
15279,IMAM GAZZALY VIDYALAYAM
15280,IMAM ROOMY VIDYALAYAM
15281,AAL-HIDAYA LADIES COLLEGE
15282,AAL-HICMA VID.
15283,"AAL-JAISSHA VID,"
15284,AAL-AZHAR VID.
15285,ADDAPPALLAM VINAYAGAR VIDYALAYAM
15286,T THIRAIKERNY G.T.M. S
15287,ARAFA VIDYALAYAM
15288,SAFEENA MUSLIM VIDYALAYAM
15289,AL-MINA VIDYALAYAM
15293,KOLAVIL VINAYAGAR M.VID
15294,KOMARY MMTMV.
15297,AAL-ISHRAQ VID.
15298,THIRUNAVUKKARASU VID
15299,VIVEKANANDA VID
15300,KOLAVIL PERUNAVALAR VID
15301,PASUPATHESWARA VID
15302,ST. XAVIER VID (ALIGAMBAI G.T. M.S)
15303,KANNAKI VID
15304,ST. JOHN VID
15305,ASIR RAZEEK FAREED VID.
15306,THIRUKKOVIL KUMARA VID
15308,VISHWATHULASHI VID
15309,KANCHIRANKUDAH GTMS
15310,THANDIYADY VIGNESWARA M.VID.
15311,SEMMANPULAI GANESHA VID
15312,THAMPATTAI M.V
15313,T THAMBILUVIL SARASHWATHY VID
15314,THAMBILUVIL KALAIMAGAL VID
15315,ARUNODHAYA VID
15316,MUNAYAKKADU GTMS
15317,PANAMA GTMS .
15318,INSPECTOR EATHAM GTMS.
15319,APOTTUVIL MINARUL ULOOM VID.
15321,"AAL -AQSA VID, POTTUVIL"
15322,THIRUPPATHY GTMS.
15323,URANY SARASHWATHY VID.
15324,THANGAVELAYUTHAPURAM GTMS
15326,ADARUL FALAH MUSLIM VID.
15327,"AAL-HIDAYA VID, POTTUVIL"
15328,AHIJRANAGAR GMMS.
15330,AAL-HUTHA MUSLIM VID.
15331,AAL-BAHRIYA VID.
15332,AAL-NOORANIYA VID.
15333,"AAL-MUNAWARA VID, POTTUVIL"
15334,ADR-BADI-UD-DIN MAHMUD VID
15339,AAL-JENNAH VID.
15340,AT.B.JAYA VID.
15341,ATHARUL HASANATH VID.
15342,SWAMY VIPULANANDA VIDYALAYAM
15343,AL-HUSSAIN VIDYALAYAM
15344,KORAIKKALAPPU SHAKTHI VID 
15345,AL-BADURIYA VIDYALAYAM
15346,AS-SAFA VIDYALAYAM
15347,AMEERALIPURAM VIDYALAYAM
15348,VEPPAYADI KALAIMAGAL VIDYALAYAM
15349,MAFASA VIDYALAYAM
15350,SABOOR VIDYALAYAM
15351,AL-MANAR MUSLIM VIDYALAYAM
15377,ORABI BASHA VIDYALAYAM
15380,ADDAPALLAM SAHITHA VIDYALAYAM
15381,KANCHIKUDIYARU GANESHA VID 
15382,KANAGARATNAM VID
15383,PARAMESWARA VID 
15388,AIQRAH VID.
15390,SARASWATHY VIDYALAYAM
15391,AL-JENIS VIDYALAYAM
15394,AAL-ASHRAFF VID.
15395,AL-ATHAN VIDYALAYAM
15396,MAHA VISHNU VIDYALAYAM
15397,LAAFIR VIDYALAYAM
15398,AAL-ABZAN VID.
15400,ANNAMALAI SRI SAKTHY VIDYALAYAM
15401,AL-HIRA VIDYALAYAM
15404,THAHIRA VIDYALAYAM
15405,"AL-MADHEENA VIDYALAYAM,IRAKKAMAM"
15406,VICKNESHWARA VIDYALAYAM
15407,SRI MURUGAN TAMIL VIDYALAYAM
15408,AOLUVIL SOUTH FATHIMA VID.
15409,ASENGAMAM AL-MINA VID.
15410,PALAKKUDA PALAVINAYAGAR VID 
15411,ISMAIL VIDYALAYAM
15413,"AAL-AQSHA VID, OLUVIL"
15414,"AL-AZHAR VIDYALAYAM,IRAKKAMAM"
15415,"AAL-MINA  VID, SAMBUNAGAR"
15416,KANNAHI VIDYALAYAM
15417,SHANMUGA VIDYALAYAM
15418,NAMAHAL VIDYALAYAM
15419,GERMAN FRIENDSHIP PRIMARY SCHOOL
15420,"AHIJRA VID, POTTUVIL"
15421,AL-HIQMA MUSLIM VIDYALAYAM
15422,MARUTHAMUNAI AL-MADEENA VIDYALAYAM
15423,SRI NAVALAR VIDYALAYAM
15424,AL-ASMAN VIDYALAYAM
15425,LEADER M.H.M. ASHRAFF VIDYALAYAM
15427,ROYAL PRIMARY COLLEGE
15428,M.S. KARIAPPER VIDYALAYAM
15429,GAYATHRY VID 
15431,AKAVIVAANAN MA  AZEEZ VID.
15432,MANALCHENAI G.T.M.S
15433,ROTTAI GTMS
15434,AAKKARAIPATTU JUNIORS VID.
15435,AMOHAMMADHIYA JUNIOR VID.
15436,AIBNU ZEENA JUNIORS VID.
15437,ADHARUL ILLM VID.
15441,AHATHIYAR VIDYALAYAM
15442,VIPULANANDA GTMS
15443,THIRUVALLUVAR VID
15444,ANNAI SARATHA KANISHTA VID
15445,ROYAL VIDYALAYAM
15446,AKBAR VIDYALAYAM
15447,LEADER JUNIOR SCHOOL
15448,AAS-SIRAJ JUNIOR COLLEGE.
15450,AAS-SATHIQ VID
15454,MANDANAI  TMS
15457,AL-HIKMA JUNIOR SCHOOL
15459,AL-ASHRAQ JUNIOR SCHOOL
15460,APOTTUVIL OSMANIYA JUNIOR VID
15461,AAL-MATHEENA VID
15462,AAL-MINAARA VID
15463,SEERPATHADEVI VIDYALAYAM
15464,ANILAMIYA JUNIOR SCHOOL
15467,VINAYAGAPURAM KANISTA VID.
15468,AAL-MARWA VID
15469,ALEADER ASHRAFF JUNIOR COLLEGE.
15470,SELVAPURAM THULASI  VIDYALAYAM. 
15473,TKALAIVAANI KANISTA VIDYALAYA
16013,THIRIYAI TAMIL MAHA VIDYALAYAM
16014,KALLAMPATHAI GOVERNMENT TAMIL MIXED SCHOOL
16015,PUDAVAIKATTU GOVERNMENT MUSLIM MIXED SCHOOL
16017,KUCHCHAVELI VIVEKANANTHA MAHA VIDYALAYAM
16018,IRANAIKKENI GOVERNMENT TAMIL MIXED SCHOOL
16032,NALLAKUTTIYAARU G.M.M.S
16036,ROTAWEWA MUSLIM MAHA VID
16037,"NOCHCHIKULAM G.T,M.S"
16040,AWAINAGAR GOVERNMENT TAMIL MIXED SCHOOL
16044,KUMPURUPIDDY METHODIST MISSION TAMIL MIXED SCHOOL
16045,AL-HAMRA MUSLIM MAHA VIDYALAYAM
16046,GOBALAPURAM GOVERNMENT TAMIL MIXED SCHOOL
16047,NILAVELI ROMAN CATHOLIC TAMIL MIXED SCHOOL
16049,AL-FATHA MAHA VIDYALAYAM
16050,MOHAMADIYA VIDYALAYAM
16051,AATHIMODAI TAMIL VIDYALAYAM
16052,SAMPALTHIVU TAMIL MAHA VIDYALAYAM
16053,SALLI AMBAL MAHA VIDYALAYAM
16054,SRI SHANMUGA HINDU LADIES COLLEGE
16055,PERUNTHERU VIGNESWARA MAHA VIDYALAYAM
16056,ST. FRANCIS XAVIER MAHA VIDYALAYAM
16058,ORR'S HILL VIVEKANANDA COLLEGE    
16060,NAMAGAL VIDYALAYAM
16061,SRI KONALINGA MAHA VIDYALAYAM
16066,METHODIST GIRLS' COLLEGE
16067,PUNITHAVALANAR TAMIL VIDYALAYAM
16068,ST.MARY'S COLLEGE
16070,R.K.M.SRI KONESWARA HINDU COLLEGE
16072,ZAHIRA COLLEGE
16073,ST. JOSEPH'S COLLEGE
16075,KANNIYA RAVANESWARAN TAMIL VIDYALAYAM
16076,BARATHI TAMIL VIDYALAYAM
16077,SELVANAYAGAPURAM HINDU MAHA VIDYALAYAM
16078,JAMALIYA MUSLIM MAHA VIDYALAYAM
16079,KALAIMAGAL MAHA VIDYALAYAM
16080,MADCOVE AL- MINHAJ MUSLIM MAHA VIDYALAYAM
16081,SRI VANI VIDYALAYAM
16086,CHINA BAY TAMIL VIDYALAYAM
16087,MUTHUNAGAR GOVERNMENT MUSLIM MIXED SCHOOL
16088,SARASWATHI VIDYALAYAM
16089,DARUSSALAM MAHA  VIDYALAYAM
16090,BUHARY NAGAR MUSLIM MAHA VIDYALAYAM
16091,AS-SAMS VIDYALAYAM
16093,MULLIPOTHANI VIGNESWARA VIDYALAYAM
16100,AL-HIQMA MAHA VIDYALAYAM
16101,SIVASAKTHY GOVERNMENT TAMIL MIXED SCHOOL
16102,KULAKKODDAN TAMIL VIDYALAYAM
16103,R.K.M. SARATHA VIDYALAYAM
16104,PALAM POTTARU SITHY VINAYAGAR VIDYALAYAM
16110,VAN-ELA MUSLIM VIDYALAYAM
16118,WADDUKACHCHI G.M.M.MAHA VIDYALAYA
16120,VIGNESHWARA VIDYALAYA
16122,PERARU PARAMESHWARA MAHA VIDYALAYA
16123,PERATHUWELI MUSLIM MAHA VIDYALAYA
16134,LINGAPURAM SARASWATHY VIDYALAYAM
16135,SHANPAHAVALLI VIDYALAYAM
16136,SACRED HEART VIDYALAYAM
16137,SRI KATHIRESAR VIDYALAYAM
16138,MALLIKAITHEEVU MAHA VIDYALAYAM
16139,PADDITHIDAL MAHA VIDYALAYAM
16140,MUNNAMPODY VEDDAI G.T.M.S.
16141,MENKAMAM G.T.M.S.
16142,AL-FALAH VIDYALAYAM
16143,BARATHY VIDYALAYAM
16144,KILIVEDDY MAHA VIDYALAYAM
16145,KANKUVELY AGATHIYAR VIDYALAYAM
16146,AL THAJ MAHA VIDYALAYAM
16147,ZAHIRA VIDYALAYAM
16148,FATHIMA MUSLIM LADIES COLLEGE
16150,AL.SHIFA VIDYALAYAM
16151,AN-NOOR VIDYALAYAM
16152,THIRUVALLUVAR VIDYALAYAM
16154,KARUKKAMUNAI G.T.M.S.
16156,VERUHALAMPATHI HINDU MAHA VIDYALAYAM
16157,MUDDUCHCHENAI G.T.M.S.
16158,VALAITHTHODDAM G.T.M.S.
16159,THUVARAKA VIDYALAYAM
16160,KOONITHIVU NAVALAR VIDYALAYAM
16161,ELAKKANTHAI G.T.M.S.
16162,SAMPOOR MAHA VIDYALAYAM
16163,KADARKARAICHCHENAI G.T.M.S.
16165,VIPULANANDA VIDYALAYAM
16166,ARAFA NAGAR GOVT. MUSLIM MIXED SCHOOL
16167,KALAIMAGAL HINDU COLLEGE
16168,NALLOOR G.T.M.S.
16169,PAMAHAL VIDYALAYAM
16170,SRI KAJAMUGAH TAMIL VIDYALAYAM
16171,ST.ANTONY'S MAHA VIDYALAYAM
16173,AL.HITHAYA MAHA VIDYALAYAM
16174,AN.NAHAR GIRLS' MAHA VIDYALAYAM
16176,ALIM CHENAI GOVT MUSLIM MIXED SCHOOL
16177,IMAM SHAFIE VIDYALAYAM
16178,AL.MINA MAHA VIDYALAYAM
16181,KURINCHCHAKENI GIRLS MAHA VIDYALAYAM
16183,AL-HIRA MUSLIM GIRLS MAHA VIDYALAYAM
16184,AL-HAJ EHUTHAR VIDYALAYAM
16185,PERIYA KINNIYA MUSLIM BOYS SCHOOL
16186,KINNIYA MUSLIM GIRLS MAHA VIDYALAYAM
16187,KINNIYA CENTRAL COLEGE
16188,IHZANIYA GIRLS VIDYALAYAM
16189,AL-RAWLA VIDYALAYAM
16190,UPPARU AL-HITHAYA VIDYALAYAM
16191,KURINCHAKERNY ARAFA MAHA VIDYALAYAM
16192,AL-MUJAHITHA VIDYALAYAM
16193,DARUL ULOOM MAHA VIDYALAYAM
16194,KAKAMUNAI GOVT. MUSLIM MIXED SCHOOL
16195,AN-NAJATH MAHA VIDYALAYAM
16196,ALIGAR MAHA VIDYALAYAM
16197,AL-AMEEN VIDYALAYAM
16198,AL-AHLA VIDYALAYAM
16199,VEPPANTHAVANAI ZAHIRA VIDYALAYAM
16201,KALLADY WEDDUVAN BUHARY NAGAR  MUSLIM VIDYALAYAM
16202,SUNKAN KULY KALAIMAHAL VIDYALAYAM
16203,BARAKKATH NAGAR MUSLIM VIDYALAYAM
16204,AL-MINA MAHA VIDYALAYAM
16205,AS-SAFA VIDYALAYAM
16206,EACHANTHEEVU VIPULANENTHA VIDYALAYAM
16207,ALANKERNY VINAYAGAR MAHA VIDYALAYAM
16208,SAMPUR SRI MURUGAN VIDYALAYAM
16209,SOODAI KUDHA BARATHY VIDYALAYAM
16210,AMMAN NAGAR AMBAL VIDYALAYAM
16211,DHARUSSALAM VIDYALAYAM
16212,FATHIMA BALIGA MAHA VIDYALAYAM
16214,NIJAMIYA MUSLIM VIDYALAYAM
16217,IDIMEN AL-MINHAJ VIDYALAYAM
16218,JOHARA UMMA VIDYALAYAM
16219,AL-IQBAL VIDYALAYAM
16221,AL-MADINA VIDYALAYAM
16223,ALMANAR VIDYALAYAM
16224,SATHAM VIDYALAYAM
16225,SRI GANESHA VIDYALAYAM
16226,KIRAVARKULI SIVASHAKTHY VIDYALAYAM
16227,VIVEKANANTHA VIDYALAYAM
16228,AL-ATHAN MAHA VIDYALAYAM
16229,T.B. JAYA MAHA VIDYALAYAM
16230,AR-RAUF MUSLIM VIDYALAYA
16231,ASSAFA VIDYALAYA
16232,JINNAPURAM GOVERNMENT MUSLIM MIXED SCHOOL
16233,ARAFATH MAHA VIDYALAYAM
16234,THENAMARAVADI GOVERNMENT TAMIL MIXED SCHOOL
16236,ILLANTHAIKKULAM GOVERNMENT MUSLIM MIXED SCHOOL
16240,AYEESHA BALIKA MAHA VIDYALAYA
16241,ABDUL MAJEED VIDYALAYAM
16242,AL-FURKHAN VIDYALAYAM
16243,KALLADI SRI MALAINEELIYAMMAN VIDYALAYAM
16244,PUNNAIYADI NAMAGAL VIDYALAYAM
16245,ELANKAITHURAI ALLAIMAKAL VIDYALAYAM
16246,SRI SITHTHI VINAYAGAR VIDYALAYAM
16247,CHENAIYOOR VIDYALAYAM
16248,THIRUKKONESWARA VIDYALAYAM
16249,HAMEEDIYA NAGAR MUSLIM VIDYALAYAM
16250,AL-HAIRIYA VIDYALAYAM
16251,AL-HUSSAINIYA VIDYALAYAM
16252,PUVANESWARY VIDYALAYAM
16253,MALAIMUNTHAL MALAIMAGAL VIDYALAYAM
16254,AL-AMAN VIDYALAYAM
16256,VADDAVAN SRI THANTHONREESWARAN VIDYALAYAM
16257,SINNAKKULAM G.T.M.S.
16258,JAYA VIDYALAYAM
16259,ABDUL HAMEED VIDYALAYAM
16260,AL-AKTHAB VIDYALAYAM
16261,AN-NOOR VIDYALAYAM
16262,EACHCHANAGAR AL-MADEENA VIDYALAYAM
16263,PARASAKTHI VIDYALAYAM
16266,UPPARU VAISHNAVI VIDYALAYAM
16267,AL-MADEENA VIDYALAYAM
16268,SIVASHAKTHI VIDYALAYAM
16269,SEENANVELI ATHAVAN VIDYALAYAM
16270,AL-ASHAR VIDYALAYAM
16271,MEERA NAGAR MUSLIM VIDYALAYAM
16272,MUTHUR MUSLIM LADIES COLLEGE
16274,ASHRAFF VIDYALAYAM
16275,HAKEEM VIDYALAYAM
16276,AYISHA VIDYALAYAM
16277,FURKKANIYA VIDYALAYAM
16278,SRI MATHUMAI AMBAL VIDYALAYAM
16279,A-SALAH VIDYALAYAM
16280,AZ- ZAKKARIYA VIDYALAYAM
16281,OUR LADY OF LOURDES ROMAN CATHOLIC VIDYALAYAM
16282,DHARUL JANNAH VIDYALAYAM
16283,INKARAN VIDYALAYAM
16284,UMAR FAROOK VIDYALAYAM
16285,AS-SAFA MUSLIM VIDYALAYAM
16287,AN-NAJEEB VIDYALAYAM
16288,AL HATHEE VIDYALAYAM
16293,KUMPURUPIDDY JUNIOR SCHOOL
16294,AL-ZAHIR VIDYALAYAM
16295,SIRAJ JUNIOR SCHOOL
16298,SALMA GIRLS VIDYALAYAM
16299,SALAMIYA VIDYALAYAM
16300,SATHAM MUSLIM VIDYALAYAM
16304,AL-HIJRA JUNIOR VIDYALAYAM
16305,SHIVANANDA KANISTA VIDYALAYAM
16306,ILANKAITHURAI MUHATHUWARAM JUNIOR SCHOOL
16307,KARUMALAIYOOTTU MUSLIM VIDYALAYAM
16309,VISHWA PRATHIBHA PRIMARY SCHOOL
16311,ABOOBACKER MP VIDYALAYAM
16312,DR.K.M.H.KALDEEN VIDYALAYAM
16313,THOWFEEK VIDYALAYAM
16314,AL IRFAN JUNIOR VIDYALAYAM
16315,ROYAL JUNIOR SCHOOL
16316,MUTUR NAJEEB ABDUL MAJEED VIDYALAYAM
16318,NAVATCHOLAI JUNIOR SCHOOL
16319,AMM MUSTHAFA VIDYALAYAM
16320,AL AQZA PRIMARY SCHOOL
16321,IQRA VIDYALAYAM
16322,YOOSUF VIDYALAYAM
16323,AN-NOORIYA JUNIOR SCHOOL
16324,AATHIYAMMAN KERNI VIDYALAYAM
16325,KONESHAPURI TAMIL VIDYALAYAM
16326,ALTHARIQ KANISTA VIDYALAYA
16327,KOOBA VID
16328,AL-HAMBRA MUSLIM BOYS SCHOOL
16329,CHENAIYOOR JUNIOR SCHOOL
16330,AL-HILAL JUNIOR SCHOOL
16331,INNIYA THAIFF NAGAR MUSLIM VIDYALAYAM
16332,SRI RAMAKRISHNA TAMIL VIDYALAYAM
16333,T/T/VELLAIMANAL SCHOOL
17330,HENEGEDARA MUS.K.V.
17331,MIRIHAMPITIYA MUS.K.V.
17332,BABUL ADAM MUS.K.V.
17334,KU/ZAHIRA ADARSHA M.V.
17335,KU/HINDU TAMIL M.V.
17336,KU/AL ASHAR V.
17337,ANNOOR M.M.V.
17338,AL ASHRAQ M.V.
17339,AL-HUDA M.V.
17340,THELAMBUGALLA U V
17341,KU/AL IRFAN M.M.V
17342,KU/AL AQSA M.V.
17343,KU/C. C. TAMIL V.
17344,KU/POTHUHERA MUSLIM V.
17345,KU/UDAPOLA TAMIL V.
17346,AL MINA MUS.V.
17347,HAMEEDIYA MUS.M.V.
17348,AL HIKMA MU.M.V.
17349,MAIWELA MUS.V.
17350,AL AKRAM MU.K.V.
17351,MADIGE MUS. V.
17352,KU/PARAGAHADENIYA M.M.V.
17353,KU/SARASWATHI TAMIL V.
17354,KU/NAKALAGAMUWA AMEENA MUSLIM V.
17355,KU/NOTINHIL TAMIL V.
17356,KU/MORATHENNA TAMIL V.
17357,KU/ATHTHARIQ MUSLIM M.V.
17358,POLGAHAYAYA M.M.V.
17359,NOORANIYA.MUSLIM.V.
17360,AL HIJRA M.K.V.
17645,KOTAMBAPITIYA MUSLIM CENTRAL COLLEGE
17646,BANDARAKOSWATHTHA MUSLIM MAHA VIDYALAYA
17647,EHATTUMULLA MUSLIM M.V
17648,KOORATIHENA MUSLIM PRIMARY SCHOOL
17649,MADIGE ANUKKANA MUSLIM MAHA VIDYALAYA
17651,THORAKOTUWA MUSLIM K.V
17652,GODEKURUGAMA MUSLIM  PRIMARY SCHOOL
17653,IHALA KINIYAMA MUSLIM M.V.
17654,DIVRUMPOLA MUS K.V.
17655,ETHUMGAHAKOTUWA MUS.M.M.V.
17656,MADIGE WEEDIYAWALA MUSLIM VIDYALAYA
17657,POOWELLA MUSLIM M.V.
17658,YAGAMWELA MUS.K.V.
17659,BAMMANNA AL QAMAR C C
17660,AL AMEEN M.M.V.
17661,AGARA MUSLIM VIDYALAYA
17662,MUMMANA MU.K.V.
17664,MADEENA NATIONAL SCHOOL
17665,GIRI- ARAKYALA M.M.V.
17666,AL HUMAIRA MUSLIM VIDYALAYA
17667,GIRI-MINHAJ MUSLIM VIDYALAYA
17668,KULIYAPITIYA MUSLIM KANISHTA VIDYALAYA
17669,SULAIMANIYA M.M.V.
17670,MEDDEKETIYA M.M.V.
17671,GIRI -PANAVITIYA MUSLIM VIDYALAYA
17672,AL- IRSHATH MUSLIM VIDYALAYA
17673,YAYAWATHTHA MUSLIM VIDYALAYA
17674,GIRI- AL BADUR MUSLIM VIDYALAYA
17754,RANDENIGAMA MUSLIM K.V.
17755,NIKAWERATIYA MUS. M.M.V.
17756,MADAPOKUNA MAHIRA MUSLIM K.V.
17914,OTTUKULAM HIJRA MU.M.V.
17935,AL-MADEENA MUSLIM M.V.
17936,PANNAWA MUSLIM M.V.
17937,ABUKKAGAMA MUS.M.V.
17938,NAMMUWAWA MUS.M.V.
17939,AL- ILMIYA MUSLIM M.V.
17940,GALPANAWA MU.K.V
17941,KOLLANDALUWA MUSLIM K.V
17943,HIJRA MUSLIM K.V.
17944,GAL\GALGAMUWA MODEL MUSLIM M.V.
17945,ALIYAWETUNUWEWA MUSLIM M.V.
17946,GAL\GALGAMUWA ROMAN KATHOLIKA TAMAIL VIDYALAYA
17947,GALLEWA MUSLIM V.
17948,WANNIKUDAWEWA MUSLIM K.V.
17949,WALPALUWA MUSLIM M.V.
17950,JAGAMA AL HAKIM MUSLIM VIDALAYA
17951,KATTAKADUWA MUSLIM
17952,KARAMBEWA ALMINA M.V.
17953,GAL\ANGAMUGAMA MUSLIM K..V
17954,ASSIRAJ MUS.P.V.
18069,ELUVANKULAMA M.M.V.
18070,KARAITIVU M M VID
18075,PUTTALAM HINDU CENTRL COLLEGE
18076,ASSENKUDHOOS G M.V.
18077,THILLAIYADI M M V
18078,ST.MARY'S TAMIL MAHA VIDYALAYAM
18079,WATTAKANDAL M.M.V.
18080,MANALTIVU R.C.T.
18085,KANDALKUDA M K.V.
18086,MUDALAIPPALI M V
18087,MUSALPITTIYA M K.V.
18089,KURINCHIPITI M M V
18090,KANDALKULI M.V.
18091,AL AQSA NATIOAL SCHOOL
18092,KALPITTY ROMAN CATHOLIC TAMIL VIDYALAYA
18093,THILLAIYOOR MUSLIM PRAIMARY SCHOOL
18094,MUHATHUWARAM G M V
18098,KAPPALADI KANISTA VIDYALAYAM
18100,ETALAI ROMAN CATHALIC T V
18101,ALANKUDA M M V
18103,NURAICHOLAI MUSLIM M V
18104,PANAIYADI ROMAN CATHOLIC TAMIL VIDYALAYA
18105,NARAKKALI ROMAN CATHOLIC TAMIL VIDYALAYA
18107,NAVATKADU R.C.T.V.
18108,THETHAPOLAI R.C.T.V.
18109,NAYAKKARACHENNAYI T.K.V.
18116,VIRUTHODAI M.M.V.
18117,PULUTHIVAYAL GMV
18118,KANAMOOLAI MUSLIM M.V
18121,KOTHTHANTHEEW  M.M.V.
18122,SAMEERAGAMA MUSLIM  VIDYALAYA
18125,AL MINHAJMUSLIM MAHA VIDYALAYA
18133,PALAVI M.V.
18134,OMER FAROOK MAHA VIDYALAYA
18135,THARAKUDUVILLU M M V
18136,UDAPPU T M V
18138,KATTAIKADU.R.C.T.M.V.
18139,OTTAPANNI ROMAN CATHOLIC TAMIL VIDYALAYA
18157,MUNDEL TAMIL VIDYALAYA
18158,KARUNGALICHOLAI TAMIL VIDYALAYA
18162,MATHWAKKULAM M M V
18170,NAZRIYA CENTRAL COLLEGE
18171,ST.BERNADETTE'S COLLEGE
18187,KARUKKUPANE T.V.
18192,KUSALA T.V.
18206,SAWARANA MUSLIM VIDYALAYA
18208,SRI VADIVAMBIGAI HINDU COLLEGE
18223,ALMISBAH MUSLIM M.V.
18308,ALHIRA MUSLIM M.V.
18309,ZAHIRA MUSLIM VIDYALAYA
18310,THUMMODARA MUSLIM VIDYALAYA
18335,NARAWILA MUSLIM VIDYALAYA
18336,MANINGALA MUSLIM VIDYALAYA
18350,POOLACHENAI MUSLIM MAHA VIDYALAYA
18355,MANALKUNDRU M.M.V.
18358,ERUKKALAMPIDDY M.M.V.
18360,ULUKKAPPULAM MUSLIM MAHA VIDYALAYA
18362,KOIYAWADI MUSLIM MAHA VIDYALAYA
18363,VEPPAMADU M.M.V.
18364,KAJUWATTA M V
18365,SRIMAPURA PRIMARI MUSLIM VIDYALAYA
18366,HIDAYATH NAGER MUSLIM M M V
18367,ZAINAB MUSLIM GIRLS SCHOOL
18368,ZAHIRA PRIMARY SCHOOL
18375,UCHCHAMUNAI R C PRAIMAY VIDYALAYA
18378,NALLANTHALUWA MUSLIM P SCHOOL
18380,AL KARAM MUSLEEM PRIMARY VIDYALAYA
18381,AL MADEENA MUSLIM PRIMARY SCHOOL
18388,AL HIRA PRIMARY SCHOOL
18390,SRI KRISHNA PRIMARY SCHOOL
19487,ZAHIRA COLLEGE
19488,VIVEKANANDA TAMIL MAHA VIDYALAYA
19489,KANADARA KATUKELIYAWA P.S
19490,MADEENA VIDYALAYA
19491,KATIYAWA AZAD MUS 
19492,KALAWEWA MUS V.
19493,NEGAMA MUS. 
19494,ALAHAPPERUMAGAMA MUSLIM V. 
19495,KUDANIDIGAMA MU.V
19496,UDURUWA KATUKELIYAWA MUSLIM VIDYAL 
19497,BAPTIST MISSION T.V 
19498,NELLIYAGAMA MUS. M.V 
19499,KEKIRAWA MUSLIM VIDYALAYA 
19500,KBANDARAPOTHONA MUSLIM VIDUHALA 
19501,BALALUWEWA MUS. 
19502,KHORAPOLA MUSLIM VIDUHALA 
19503,KMADATUGAMA MUSLIM VIDYALAYA 
19504,KIHALAPULIYANKULA MUS 
19505,KALANCHIYAGAMA ARAFA MUS 
19506,KKOLLANKUTIGAMA MUS. 
19507,KGANEWALPOLA MUS. 
19508,NACHCHADUWA MUSLIM MAHA VIDYALAYA
19509,BAMUNUGAMA MUSLIM VIDYALAYA 
19510,KAL-AMEEN MUS. 
19511,MIHINTHALE MUSLIM V
19512,DEMATEGAMA MUSLIM VIDYALAYA 
19516,ETHALWATUNUWEWA MU.V
19517,KADAWATHRATHMALE MUSLIM.V
19518,THIBIRIYATHTHAWALA MUSLIM.V
19519,NIKAWEWA MUSLIM
19520,NELUGOLLAKADA MU.V
19521,PATHTHEWA MUSLIM.V
19522,MUKKARAWEWA THAHIRA MUSLIM.V
19523,WALHAVIDDAWEWA MUSLIM.V
19524,WEERASOLAYA MUSLIM.V
19525,HATTUWEWA MU.V
19527,AL MAS MUSLIM.V
19528,WELIGOLLEWA MU.V
19529,GOMARANKALLA MU.V
19530, MUKIRIYAWA MU.V
19531,THURUKKURAGAMA MU.V
19532,DAHANAKAWEWA MU.V
19533,DUNUMADALAWA AL AKSHA V
19534,NOOR MAHA VIDYALAYA
19535,THALGAHAWEWA MUSLIM VIDYALAYA
19536,AL MANAR MUSLIM.V
19537,AL AKSHA MUSLIM.V
19538,AL MADEENA MUSLIM.V
19539,ELLAWEWA MUSLIM.V
19540,MUSLIM ETAWEERAWEWA.V
19542,ALUTHGAMA DHARUSSALAM MUSLIM VIDHYALAYA
19543,AL HIQMA MUSLIM.V
19544,MAKIVULEKADA MUSLIM VIDYALAYA
19545,IHALAKOTIYAWA MUSLIM VIDYALAYA
19546,NOCHCHIYAGMA MUSLIM MAHA VIDYALAYA
19547,MAASIRIGAMA MUSLIM VIDYALAYA
19548,KOVILBENDAWEWA MUSLIM VIDYALAYA
19559,ANNOOR MUSLIM.V
19560,GALKANDEWA MUSLIM.V
19584,SALAMBAPURA MUSLIM VIDYALAYA
19590,ALUTH DENNAWA ANNOK MUS' 
19594,AL-HUDA MU.P.S
19599,HOROWPOTHANA MUSLIM PRY SCL
19601,AL AZAR PRIMARY VIDYALAYA
20156,AL ASHAR MUSLIM M.V.
20157,DIULANA ALAKSHA MUSLIM M.V.
20158,AS-SAFA M.V.
20159,SUNGAWILA MUSLIM M.V.
20160,NCP/PO/DB/DB/ MANAMPITIYA TAMIL M.V.
20161,NCP/PO/DB/WK/ MUTHUGALA TAMIL K.V
20162,NCP/PO/DB/WK/ KATUWANVILA M.K.V
20163,ALMINA MUSLIM M.V.
20164,ANNOOR MUSLIM MAHA VIDYALAYA
20165,ONEGAMA MUSLM P.V.
20166,PANGURANA MUSLIM KANISHTA VIDYALAYA
20167,NUGAGAHADAMANA MUSLIM K.V.
20168,NCP/PO/DB/WK/ ALINCHIPOTHANA M.K.V
20169,NCP/PO/DB/WK/ THRIKONAMADU M.M.V
20170,NCP/PO/DB/DB/  SORIWILA TAMIL P.V.
20171,NCP/PO/DB/WK/ HEWENPITIYA M.V.
20172,AL RIFAI MUSLIM M.V.
20174,NCP/PO/DB/WK/ SARASWATHI T.K.V
20175,NCP/PO/DB/WK/ ROTAWEWA T.K.V
20236,NCP/PO/DB/WK/ NOORANIYA M.P.V.
20237,AL IQRAH MUSLIM P.V.
20240,ALMADEENA P.V.
20241,SAHIRA MUSLIM P.V.
21390,B/LUCKYLAND T.V.
21392,B/KERKILES T.V
21393,B/GAMPAHA T.V
21394,B/WOLDIMAR T.V.
21395,B/RATHAMBA MUSLIM V
21397,B/WELIMADA T.V.
21399,B/AL-MURSID MUSLIM V.
21400,B/PADINAWELA MUSLIM V
21402,B/BOGAHAKUMBURA MUSLIM M V.
21403,B/AL-AKSHA MUSLIM V
21404,B/DAYARABA T.V.
21405,B/WARVICK T.V.
21406,B/IDALGASHINNA V.
21407,B/BAUVIS T.V.
21409,SRI GANESHA T.M.V.
21410,AL-BADRIYA MUS.M.V.
21412,GLENANORE T.M.V.
21413,THOTULAGALA T.K.V.
21414,PITARATHMALE.NO.1.T.V
21415,DAMBETHENNA. NO.1.T.V.
21416,DAMBETHENNA.NO.2.T.V
21417,BLACKWOOD NO02 T.V.
21418,MAKALDENIYA T.V
21419,POONAGALA NO 1 T. M. V
21420,GONAMOTAWA T.V.
21421,AMPITIKANDA T.V.
21422,ARNHALL T.V
21423,BLACKWOOD NO1 T.V.
21424,DAMBETHENNA.NO.3.T.V.
21425,HAPUTHLE NO.1.T.V
21426,HAPUTHALE NO.02.T.V
21427,HAPUTALE.NO.3.T.V.
21428,KAHAGALLA.T.V
21429,MEERIYABEDDA T.V.
21430,MAHAKANDE T.V.
21431,NEEDWOOD NO1 T.V.
21432,VIPULANANDA T.M.V.
21433,PITARATHMALE.NO.2.T.V
21434,POONAGALA NO2 T.V.
21435,POONAGALA NO3 T.V.
21436,VIHARAGALA T.V
21437,NAYABEDDA.NO.2.T.V
21438,BANDARAWELA T.M.V.
21439,SIR RAZIK FAREED MUS.M.V.
21440,AL-YASEEN MUS.V.
21442,NEWBURGH T.V.
21443,SOUTHAM T.V.
21444,CRAIG SRI GAYATHRI T.V.
21445,NAYABEDDA NO 01 T.V.
21446,LIYANGAHAWELA T.V.
21447,BROUGHTON T.V.
21448,PINGARAWA T.V.
21449,NAHAVILA T.V.
21450,HINDAGALA T.V.
21451,GALAPITAKANDA T.M.V.
21453,BALAGALAELLA T.V.
21454,B/CHELSEA TAMIL VIDYALAYA                        
21455,AISLABY T.V.
21456,NAMAGAL T.V.(OAKWEL T.V.)
21457,MUTHUWANA.T.V
21458,GOWERAKELLE T.V.
21459,ROHEMPTON T.V.
21461,KELBURNE T.V.
21462,KINNELAN T.V.
21466,B/TAMIL GIRLS MAHA VIDYALAYA                    
21468,B/SARASWATHY KANISHTA VIDYALAYA                  
21469,B/THELBEDDE NO 1 TAMIL VIDYALAYA               
21470,B/VALLUVAR TAMIL VIDYALAYA                      
21471,B/KALAIVANI TAMIL VIDYALAYA                 
21472,B/SRIVANI TAMIL VIDYALAYA                       
21473,B/WEWESSE NO 1 TAMIL VIDYALAYA                  
21474,B/SRI RAMAKRISHNA TAMIL VIDYALAYA                 
21475,B/BHARATHY KANISHTA VIDYALAYA                       
21476,B/CULLEN TAMIL VIDYALAYA                            
21477,B/GLENALPIN TAMIL VIDYALAYA                        
21478,B/DEYANAGALA TAMIL VIDYALAYA                   
21479,B/GRAHAMSLAND TAMIL VIDAYALAYA                 
21480,B/MAPAGALA TAMIL VIDYALAYA                    
21481,B/AL IRSHAD MAHA VIDYALAYA                          
21482,B/ELLADALUWA TAMIL VIDYALAYA                    
21483,B/SHRI SHANMUGANANDA VIDYALAYA                    
21484,B/WEWALHINNA TAMIL VIDYALAYA 
21485,B/NAWALAWATHTHA TAMIL VIDYALAYA                       
21486,B/UNUGALLA TAMIL VIDYALAYA                          
21487,B/MORAGOLLA TAMIL VIDYALAYA                        
21488,B/NAPIER TAMIL VIDYALAYA                          
21489,B/OODOOWERA LOWER TAMIL VIDYALAYA                   
21490,B/SERENDIB TAMIL VIDYALAYA                          
21491,B/YELVERTON TAMIL TAMIL VIDYALAYA                   
21492,B/ROOKATENNE TAMIL VIDYALAYA                       
21493,B/KINROSS TAMIL VIDYALAYA                           
21494,B/SARNIYA T.M.V
21495,B/SARNIYA  NO 01 T.V
21496,B/KINAKELE T.V
21497,B/NARANGALA T.V
21498,B/LEGARWATHA NO 02 TV
21499,B/LEGARWATHA NO 03 T.V
21500,B/KOBO T.V
21501,BD/PANGARAGAMMANA MUSLIM VIDYALAYA
21502,B/OODOOWERA UPPER TAMIL VIDYALAYA                   
21503,B/SHIVANANDHA TAMIL VIDYALAYA                       
21504,B/KIRUBANANDA VARIYAR TAMIL VIDYALAYA               
21505,B/UVA KETTAWELA TAMIL VIDYALAYA                   
21507,B/MAYMALLAY TAMIL VIDYALAYA                      
21508,B/KOTTAGODA TAMIL VIDYALAYA                      
21509,B/ROSSETT TAMIL VIDYALAYA                         
21510,B/HALI ELA TAMIL MAHA VIDYALAYA                      
21511,BD/PASSARA T.M.V.
21512,BD/LUNUGALA SRI RAMAKRISHNA T.M.V.
21513,BD/PASSARA MUSLIM M.V.
21514,BD/CANAWERALLA NO 3T.V.
21515,BD/MAHADOWA UPPER T.V.
21516,BD/MADOLSIMA T.M.V.
21517,BD/BATAWATHTHA T.V.
21519,BD/PASSARA NO 02 T.V.
21521,BD/VIGNESHWARA T.V.
21522,BD/GALLOOLLA T.V.
21523,BD/THIRUMAHAL T.V.
21524,BD/KALAIMAHAL T.V.
21525,BD/SHOWLAND LOWER T.V.
21526,BD/SWINTON T.V.
21527,BD/COCOGALA T.V. 
21528,BD/PARK T.V.
21529,BD/MAHADOWA LOWER T.V.
21530,BD/SHOWLAND UPPER T.V.
21531,BD/KEHELWATHTHA T.V. 
21532,BD/MEEDUMPITIYA NO 1 T.V.
21533,BD/DEMERIYA NO 1 T.V.
21534,BD/DEMERIYA NO 2 T.V.
21535,BD/DEMERIYA NO 3T.V.
21536,BD/AGARATHENNA T.V.
21537,BD/URY T.V.
21538,BD/KANAWERALLA NO 1T.V.
21539,BD/KANAWERALLA NO 2T.V.
21540,BD/WEWEKELE T.V.
21541,BD/WERELLAPATHANA T.V.
21542,BD/UVAKELE T.V.
21544,B/ROBERIYA T.V
21545,B/ELAMANA T.V
21547,B/ST. JAMES TAMIL VIDYALAYA                        
21548,B/NELUWA TAMIL VIDYALAYA                          
21552,BD/MEEDUMPITIYA NO 2 T.V.
21553,BD/SRIGANESHA T.V.
21554,BD/PASSARA NO 4 T.V.
21555,BD/DEYANAWATHTHA T.V. 
21556,BD/ELTEB NO 1 T.V.
21557,BD/THANNUGE T.V. 
21558,BD/ELTEB NO 2 T.V.
21559,BD/GALBOKKA T.V.
21560,HAPUTALE WESTERN T. V.
21562,B/VIVEKANANDA TAMIL VIDYALAYA                   
21567,UDAVERIYA T.V.
21569,NAKETIYA T.V.
21570,B/OHIYA T.V.
21571,B/GANAPATHY T.V.
21572,B/HUGOLAND T.V.
21575,B/NURANIYA M.V
21576,BD/AL-AMEEN MUS.V.
21581,B/YAHALARAWA T.V.
21587,B/HABARAGALA T.V.
21592,B/AL-ILMA V.
21593,B/MIRAHAWATTA MUSLIM V.
21594,B/KANDURUDEKA V.
21595,HAPUTHALE MUS.V.
21600,B/ELBIAN V.
21601,B/FATHIMA MUSLIM LADIES COLLEGE                             
21603,B/GURUTALAWA ANNOOR MUSLIM.V.
21605,B/ALAGOLLA TAMIL PRIMARY V.
21618,B/AL HIQMA PRAIMARY SCHOOL
21625,B/UVA HIGHLANDS PRIMARY TAMIL  SCHOOL
21626,HALDUMMULLA PRIMARY V.
21627,HAPUTHALE T.P.V.
21633,B/SPRINGVELLY PRIMARY TAMIL SCHOOL
21636,POONAGALA TAMIL PRIMARY V
21638,BD/GONAKELE T.PRI.V.
21639,B/WELIMADA MUSLIM PRIMARY SCHOOL
22034,MO/KANULWELA MUSLIM M.V.
22035,MO/GODIGAMUWA MUSLIM M.V.
22036,MO/AL-IRSHAD MUSLIM M.V.
22037,MO/BIBILEWATTA TAMIL K.V.
22218,VYKUMBURA T.K.V.
22231,MO/MAHAWELAMULLA M.K.V
22233,MO/DEHIGALA TAMIL K.V.
22236,ALIYAWATHTHA T.K.V.
22237,SRI GOWRY T.K.V.
22238,SARASWATHY T.K.V.
22239,SRI SHANMUHA T.M.V.
22240,KANDAHENA NO 02 T.K.V.
22241,KANDAHENA NO 1 T.K.V.
22255,THENNAKUMBURA T.K.V
22256,GAMEWELA T.V.
22282,MO/BAKINIGAHAWELA MUSLIM P.V.
22299,ALUPOTHA MUSLIM P.S.
22302,VIPULANANDA T.P.V.
23060,FERGUSION HIGH SCHOOL
23497,DUMBARA NO 2 T.V.
23498,DUMABARA NO 01 T.V.
23499,NIRIELLA TAMIL VIDYALAYA
23500,PALAWELA TAMIL VIDYALYA
23501,MADABADDARA T.V.
23502,MATUWAGALA T.V.
23503,PUSSELLA TAMIL V.
23505,MORAGALA TAMIL V.
23506,DURUMPITIYA T.V.
23507,GETAHATHTHA T.V.
23508,AMUNUTHENNA T.V
23509,PORONUWA TAMIL V.
23510,BOPETHTHA T.V.
23511,LANSDOWNE T.V.
23512,SRI WICKNESHWARA VIDYALAYA
23513,WEWELWATTA T.V.
23514,SRI NA MAGAL V.
23515,RATNAPURA LELLOPITIYA TAMIL VIDYALAYA
23516,"KALAIMAGAL T.V,"
23518,MILLAVITIYA TAMIL VIDYALAYA
23519,RAMBUKKANDA TAMIL VIDYALAYA
23520,NORAGALLA TV
23521,BRIGHTON TV
23522,KIRIBATHGALA TV
23523,PARAWATTA TV
23524,DOLOSWALA BARATHI TV
23525,COLOMBAGAMA TV
23526,HOUPE TAMIL VIDYALAYA
23527,ENDANA NO.1 TAMIL VIDYALAYA
23528,PARAKETIYA TAMIL VIDYALAYA
23529,N.MEENATCHIYAMMAL TAMIL VIDYALAYA
23531,AL-MACKIYA MUSLIM M.V.
23532,HIDELLANA T.V.
23533,ST.JOACHIM T.V.
23534,NEW MAHAWALA T.V.
23535,KERERAGALA TAMIL V.
23536,HEDGEFIELD V
23537,ALUPOLA TAMIL VIDYALAYA
23538,GALABADA TAMIL VIDYALAYA
23539,NIVITHIGALA TV
23540,RATHGANGA T.V
23541,ERABADDA TV
23542,SRI VALLUWAR T.V.
23545,ASSALAM MUSLIM M.V.
23546,SPRINGWOOD TAMIL VIDYALAYA
23547,OPATHA NO 01 TAMIL VIDYALAYA
23548,OPATHA NO. 2 TAMIL VIDYALAYA
23549,OPATA NO.03T.V.
23550,MADAMPE NO 01 T.V.
23551,MADAMPE NO:02 TAMIL VIDYALAYA
23552,PALMCOTTA TAMIL SCHOOL
23553,HORAMULA TAMIL VIDYALA
23554,PANANA TAMIL V.
23555,NAVINNA TAMIL VIDYALAYA
23556,AKKARELLA TAMIL V.
23557,HALLINNA TAMIL V.
23558,HUNUWELA TAMIL V.
23561,C.C.TAMIL.M.V.
23562,HINDU TAMIL M.V.
23563,PETTIGALA TAMIL V.
23564,PINNAWALA TAMIL M.V.
23565,MADDEKANDA TAMIL V.
23566,RASSAGALA TAMIL V.
23567,DENAGAMA TAMIL V.
23568,DETHANAGALA TAMIL V.
23569,CECILTON TAMIL V.
23570,PAMBAGOLLA TAMIL V.
23571,WALEBODA TAMIL.V.
23572,HERAMITIGALA TAMIL V.
23573,WALAWE TAMIL V.
23574,WELEKUMBURA TAMIL V.
23575,VIVEGANANDA V.
23576,WIKILIYA TAMIL V.
23577,DEPDEEN TAMIL SCHOOL
23578,LANKABERIYA TAMIL SCHOOL
23579,AIGBURTH TAMIL MAHA VIDYALAYA
23580,SHRI KRISHNA MAHA VIDYALAYA
23581,KALALELLA TAMIL VIDYALAYA
23582,WELLANDHURA TAMIL VIDYALAYA
23583,DALUGGALA TAMIL VIDYALAYA
23584,NEELAGAMA T.V.
23585,RILHENA TAMIL V.
23586,"PELMADULLA NO:1 ,TAMIL V."
23587,PALUGAMPALA TAMIL V.
23588,PATHKADA TAMIL VIDYALAYA
23589,DENAWAKA T.V.
23590,KALAWANA TAMIL VIDYALAYA
23591,HAYES TAMIL VIDYALAYA
23604,ZAHIRA V.
23606,MADALAGAMA TAMIL VIDYALAYA
23614,PELMADULLA NO.02 T.V.
23615,SINHALAGODA T.V.
23616,KAHAWATTA MUSLIM VIDYALAYA
23623,AL MINARA V.
23624,DELA TPV
23628,ST.JOHNS PRIMARY SCHOOL
23632,AL HIKMA MUSLIM V.
23636,RATNAPURA TAMIL PRIMERY SCHOOL
23654,KANAGANAYAGAM P.V.
24006,KANDALOYA NO 1 TAMIL VIDYALAYA
24008,NAGASTHENNA TAMIL VIDYALAYA
24010,WEWELTHALAWA T.V.
24017,WEE OYA T.V.
24018,POONUGALA T.V.
24019,HALGOLLE TAMIL VIDYALAYA
24028,INGOYA T.V.
24041,GANEPALLA T.V.
24047,KELANI TAMIL VIDYALAYA
24049,GARAGODA MUSLIM M.V.
24052,DUNEDIN TAMIL V.
24053,PANAWATTHA T.V.
24054,LAVANT T.V.
24055,NEW POLATAGAMA T.V.
24063,SAPUMALKANDA TAMIL M.V.
24064,CLUNES TAMIL VIDYALAYA
24065,UDABAGE T.V.
24074,THALDUWA MUSLIM MAHA VIDYALAYA
24075,NAPAWALA MUSLIM M.V.
24080,EYLA T.V.
24081,MAHA OYA T.V.
24082,DENSWORTH T.V.
24083,DIGALA T.V.
24084,KALAIMAGAL T.V.
24094,YOGAMA T.V.
24095,HATHNAGALA T.V.
24096,EHELIYAGODA T.V.
24097,WELANGALLA T.V.
24108,NAHELMA T.V.
24109,PAMBEGAMA T.V.
24110,SRIVAANI T.V.
24111,MANIKKANDA T V
24124,SARASWATHI TAMIL M.V.
24136,NOORI TAMIL VIDYALAYA
24137,LASSANAGAMA T.V.
24150,DABAR T.V.
24151,MALIBODA TAMIL VIDYALAYA
24172,PINDENIYA T.V.
24173,KURUNAGODA MUSLIM P.V.
24187,PALLEGAMA T.V.
24200,PANANA T.V.
24201,GALAPITAMADA T.V.
24202,DUNUMALA T.V.
24203,NIYANDURUPOLA T.M.V.
24214,SUNNY CROFT T.V.
24215,CHESTERFORD T.V.
24216,VINCIT TAMIL VIDYALAYA
24217,TROY T.V.
24237,SRI KALAIVANI T.V.
24238,ZAHIRA MUSLIM M.V.
24252,AL AKEELA MUSLIM M.V.
24259,SRI GANESHA T.V.
24262,YATADEDERIYA TAMIL M.V.
24263,EDURAPOLA T V
24264,LEWELLA T V
24275,KALUPAHANA T.V.
24282,GAYATHRI T.V.
24328,DHAROL ULOOM MUSLIM M.V.
24336,UDUHURUWA M.V.
24342,DELGAHAGODA MUS.K.V.
24343,ZAHIRA COLLEGE
24344,BADURIYA CENTRAL COLLEGE
24347,NANKURUGAMA MU P.V.
24356,DANAGAMA MUS.V.
24366,MADEENA MAHA VIDYALAYA
24395,NOORANIYA M.M.V
24406,DUMBULUWAWA MUS.M.V.
24407,PALLIPORUWA MUS.V.
24408,MADULBOWA BADHIBIYAM.M.V.
24411,WADIYATHENNA MUSLIM PRIMARY SCHOOL
24412,KOTEGODA MUS.V.
24422,AL-JALAL MUS.M.V.
24425,THALGASPITIYA MUS.M.V.
24449,UNDUGODA T.M.V.
24463,NARANGALA T.V.
24488,KARANDUPONA T.K.V.
24506,ZAHIRA MUSLIM M.V.
24515,AMBANPITIYA T.V.
24519,GOLINDA T.K.V.
24574,GASNAWA T.V.
24584,NANGALLA MUSLIM M.V.
24592,BABUL HASSAN MUSLIM M.V.
24596,DUMMALADENIYA MUSLIM V.
24600,MADENIYA T.P.V.
24601,MADENIYA T.P.V..
24611,GODAWELA MUSLIM K.V.
24631,AL-ARAFA MUS.P.V.
24633,HIJRAGAMA MUSLIM PRIMARY VIDYALAYA
24634,IQRA P.V.
24639,KATHIRESHAN TAMIL P.V.
42003,KU/AL HAMRA P.V.
42005,KEKUNAGOLLA MUSLIM PRIMARY SCHOOL
42006,AL-FALAH MUSLIM PRIMARY SCHOOL 
